Actual,Simple_LR_Predicted,Multiple_LR_Predicted
1.536,1.7675709333956657,1.4988972128279592
0.715,1.0601062350031263,0.9435371674475812
4.232,3.4977638758490537,2.945654161118042
1.141,2.0246180826897517,1.6532797684004428
1.678,2.7125815199555237,1.8873954634399144
0.922,1.5339663527402834,1.7748234816976742
2.64,2.4305317011325926,2.278036542671403
1.638,1.9581906289989943,1.4209302376619453
1.797,1.5114270004063983,1.5652440767982532
1.393,1.896607699124992,1.383003505059925
1.486,1.4894624220846708,1.3398084647548805
3.812,2.294310260251299,2.837377132864954
2.109,1.9875041036190195,1.9184943083132036
1.705,2.019116674287674,1.4757625494479405
0.649,1.5510453519586733,1.6100912713624345
1.055,1.7773420916023408,1.561137229800462
2.184,1.6590618109576734,1.8290186617616615
0.72,0.945808317156978,0.9925611549981934
1.315,1.5177084592535466,1.977309561916394
2.076,2.136493738627523,1.2451978336970226
1.031,1.6036371740710713,0.8860944838776541
1.54,1.896607699124992,1.7349474885455416
3.324,3.400832344227374,2.9855283542719553
1.786,1.904038705996455,1.5273420162705447
1.304,2.074664477034024,1.8017855206666147
2.254,0.8169357725739821,1.3949375709329
0.788,1.4691400552262504,1.1618693371107776
1.193,1.0665108597100226,1.0668189722495693
2.329,2.098148100959311,2.213795517387554
1.411,1.8940622713568664,1.6781585665522327
2.143,1.755377513280613,2.074993186077227
0.641,0.9225710249511877,0.7652908224924306
2.182,2.697021566340692,2.234474085607038
4.069,2.034225019750096,2.916424028772637
4.578,2.1079603144525683,3.0192675037898877
1.853,2.2812957344045937,1.7518431418011802
2.463,2.4947832246344683,2.8289040560159218
3.847,1.761453695694848,2.263974977769734
3.481,1.7681046521212402,2.301141176445773
1.745,2.002160840929032,1.7106557540904515
4.025,3.5422678065046664,3.661336966216527
1.513,1.465691411153306,1.9272692496106112
1.431,2.420062603054012,1.8444998042649645
2.438,1.4417972343621932,2.084191652364063
1.224,1.3341913282290196,1.3250919141577029
2.489,2.4713817112823477,2.8188869844132993
3.406,3.0549415547683942,3.117131118740292
1.125,1.2461277385091962,0.9285629866915226
1.491,1.5871329488648387,1.4443571754656952
1.625,1.4894213667980885,1.717422199206667
2.681,2.20907948530568,2.84752422768629
0.65,1.6772903582003782,1.849805227925882
1.763,1.4193399926014736,1.224617883577319
3.768,2.544706453118993,2.2033341437221106
2.636,1.9473109780545874,2.2049023673655492
1.602,2.269964475307777,2.7031384025113105
1.292,1.5126586590038786,0.9647350613751111
2.625,2.5090294090786545,3.245944166504891
1.538,1.9684544506446615,2.084138008396626
1.486,1.1119180066704537,0.9021587369437012
1.646,1.5196380577229323,1.3309201427139223
1.524,2.2684454297042183,2.2708476658867363
2.825,1.8452885908966568,2.09098599333387
1.285,1.9401673581892032,1.3353229343737283
1.563,2.377282994434872,2.8679902320841135
1.065,1.911469712867918,1.714636156493289
1.059,1.4287827085154874,0.8145329998377417
2.252,2.4377163762845595,2.480132759260287
1.469,1.3970880272736674,1.8489812497409375
1.818,1.4786648817134291,1.6283089695340864
0.834,1.4507062315506323,1.690309947780612
2.767,1.578429228109313,1.8233540185796993
3.53,1.5681654064636459,2.3989047357413016
2.066,1.8922147834606466,2.6626924280710753
1.12,1.3594813847639433,1.2308207523308825
2.319,1.8891766922535291,2.6218062611887616
1.417,1.3176460477362042,2.041986674298691
1.577,2.0702715613696787,2.001598147414236
2.392,1.91257820560565,2.5663670827138887
2.701,2.090388651795186,2.554311259355739
0.984,1.133430976839772,1.725693815929108
2.122,2.214786170140671,2.669621922887403
1.254,1.5036675512422741,1.1856732578366842
2.687,2.7032209146146755,2.869893428111366
0.936,1.3936804384873058,1.0521767831312674
1.596,1.3509008298681655,1.2000227580168348
1.608,1.800579383808131,1.798500618384898
4.361,2.227636474841046,2.865721753893939
0.906,0.8291702479756176,0.44649462456996436
2.551,2.993399680180974,2.7597465391979012
1.495,2.1406403225723722,1.9388732304281562
2.442,2.5920431985488097,2.694387663172294
2.898,2.7749855555611793,2.798217511440418
0.621,1.4458206524472945,0.8680215286036215
2.282,2.7318775046493777,2.794268004189274
0.612,0.9739722437526883,0.7505279314617219
1.643,2.136206351621444,1.7133735712073483
2.992,1.9208713734953489,2.496873326510979
3.744,3.68481176151969,3.971324364692838
2.41,2.434308787498198,2.2349635530530754
0.787,1.4097330555411292,0.5098586461552173
0.972,1.3013060436763024,1.8478749974014845
1.038,0.9027823768183416,0.6210536774737663
1.138,1.2350428111318759,0.6611985703461274
2.053,2.3516234403207044,2.3376175413501903
1.98,1.7031141334608764,1.9220289306365481
0.942,1.0190509484204582,1.2175567558999294
0.938,1.8585905037494412,1.2515230121424223
1.625,2.297184130312086,2.965934528044593
2.402,2.488419655214155,2.65571132203969
0.875,1.3621499783918167,1.4416025121914018
3.911,3.3891315875513137,3.7422581648742907
0.562,1.3423613302589708,1.1394686486023642
3.024,3.447224818065789,3.030957759557915
0.977,1.4050938081572877,1.6157025271018775
2.54,1.9329416277506535,2.2678655239562127
3.312,1.8928716680459692,2.4395488743212446
0.56,1.1859406883790045,0.8001240726601966
3.482,3.186359527119515,2.9296231697898687
2.343,2.322392076273845,2.8349305376235128
2.559,2.323829011304238,2.553174439381359
0.753,1.5248110238323482,0.6818907985996041
1.601,1.546488215147997,1.5372387346753213
1.567,1.3307016288694928,1.2077869952877438
1.115,1.770034250590626,1.1267416605007274
1.144,2.0950278991790277,1.990490574353539
0.933,1.221494566559595,1.6776887203863917
1.122,1.9479268073533273,1.2613704435751751
0.882,1.4546064837759856,1.0161392849257473
2.883,2.4747071894955437,3.0786025213310424
1.765,2.530090771095563,2.047732029729055
3.18,1.9266191136169224,2.579875972095429
2.571,1.6914954873579815,1.9855035825030076
2.835,1.9962488796611277,2.210125346085371
1.745,2.604606116243106,2.1669127681576783
1.595,1.853663869359521,1.901633924874116
2.979,2.597831993956966,2.9571658384735944
3.895,2.544172734393418,3.1127545067094022
0.467,0.9305357505482252,0.5763455390791339
1.847,2.4593114570270433,2.2727432000641272
2.58,2.571802942263554,2.4810141955817038
1.378,1.7171960967587316,1.8318931779195289
1.421,1.4973450371085433,1.4574774438560907
0.576,1.1904978251896807,0.5895586004663542
1.918,1.7568555035975892,1.9176586481711935
1.4,1.499726243730338,2.2098069478793527
1.115,1.7044279026315219,1.578432694758058
1.792,1.9004668960637627,1.8512603944808856
3.372,3.429201547255998,3.0600594649788815
1.139,1.1268210756999624,1.8469953730974011
2.083,2.339019467339825,2.5874069309902525
2.212,2.255841456723339,2.5562858394308803
1.234,1.4048474764377916,1.6457054618290599
2.609,1.462119601220614,2.2047820033253993
2.163,2.4054058657439996,2.4133627060030634
1.765,1.8150308446852301,1.7322274991815432
1.5,1.3097223774257494,1.5557667856342552
1.971,1.9161089602517594,2.382387760810977
1.364,2.1906456616300622,2.750221010430109
1.034,1.7339877089710432,1.0957028206055617
2.396,2.1121479536840004,2.7351816096887855
0.945,2.060828845455665,1.4791516367001416
0.942,1.0960296107629612,1.1898099724462088
2.407,2.513134937736921,2.0527885280094122
0.697,1.2160342134441002,0.695858783233346
3.5,2.00043651889256,2.6012278531886697
2.939,2.6981711143650067,2.9279685964549693
1.794,1.7171960967587316,1.724626421935625
0.559,1.150592086631327,0.21528270644280934
2.425,1.5020663950655502,2.1865728715585107
1.766,1.450131457538475,1.8255488839091512
3.092,2.704698904931651,3.138535795203511
0.727,1.4963186549439766,0.350513722550863
2.47,1.371674804878996,1.2253877286669077
2.063,1.8922147834606466,2.2946030012355685
2.353,2.6319899923937458,2.401592235260942
2.247,3.001692848070673,2.030762089025473
1.941,2.1229865493418245,2.1450037553910373
0.833,1.0280420561820625,1.313588283765757
3.722,1.5915258645291843,2.5109433358821
2.07,2.2974715173181646,2.0444274538124305
3.452,3.4057179233307115,3.7923964518397906
2.293,3.5753173122037145,2.85320997416261
0.98,1.9111412705752566,1.1487050699775927
1.393,1.246250904368944,1.1578384446461651
1.601,2.1412150965845296,2.363405770899498
1.833,1.6014201885956072,1.6436886882225257
1.04,1.3771351579944908,0.9032609796375981
3.184,1.7171139861855664,2.5057421115413083
3.335,2.9729541474628056,2.7341777153799702
1.821,1.4676210096226914,1.7420705326107861
0.438,1.047296985589334,0.27180632517366643
1.713,1.310995091309812,1.744498059004232
0.941,1.4018914958038395,1.0177202714400437
0.972,1.1884040055739646,1.5057561571034948
1.098,1.369293598257201,1.4856899218166228
3.1,3.1450989641039335,3.647419493040064
2.733,2.6928749823958427,2.5144947160751774
2.781,1.6579533182199415,2.4274222223744886
2.422,2.5550113300512427,2.265477718622488
1.609,1.1648382710755132,1.260655355956528
1.194,1.3821028476709936,1.4604045034974464
1.775,1.5448049483981077,1.6766428159691587
0.983,1.2323742175040024,1.4279031090724725
0.863,2.217249487335631,2.304054359637897
3.249,2.889735081559737,2.462882631860161
1.19,1.673964879987182,1.1280864894354294
1.213,2.1805871164173083,1.392392692951856
1.875,1.2954351376949806,1.8303081970362638
1.625,1.6502759796289825,0.5549258013699756
0.8,1.273388448800088,1.4805468708604461
1.875,2.052535677565966,1.9550555462765098
2.2,1.7721691254929246,1.9391479278813828
3.11,2.496220159664862,2.7684063091097215
1.519,1.5280133361857964,1.5925533451400147
1.556,1.5906226482243655,1.6640527403461578
2.286,2.7342176559845894,2.626022793116281
1.564,1.9939908388990812,2.342917566620696
1.614,2.0659607562784985,2.0930128791768463
1.568,1.6832844300414478,0.7702034752779165
3.525,1.857399900438544,2.6012015438214355
0.664,1.5243183603933563,0.7709354266477708
1.6,1.5086352409187769,2.1022425380635967
3.952,2.3421396691201077,2.9880529040345514
2.266,2.4518393948689976,2.374945119886758
3.238,1.981017368338958,2.330992471977951
1.514,1.7657645007860283,1.5752207855459353
1.679,2.1470449472792685,2.2216137562172293
2.75,1.927070721769332,2.591395139425712
2.1,1.3218336869676366,1.936559770778814
0.225,0.8668590010585069,1.6061503923081173
2.324,2.420062603054012,2.536276360637539
1.736,1.6386162782395046,1.8709015450083686
2.014,2.6581011546603226,2.741930227640985
1.381,1.4807176460425626,1.3900463294874412
2.135,1.7300874567456896,2.0841561398024138
3.804,3.1530226344143886,3.347673223304497
0.759,1.3318922321803903,1.06057772905556
1.292,1.6085227531744088,1.8756397454075722
2.68,1.7060701140948287,2.5648399020183597
1.048,1.3357514291191612,1.7733626852014988
2.135,2.5628118345019497,2.0249569036915633
1.083,1.3680208843731383,1.047606404023641
2.608,1.7649023397677923,2.314666511858155
2.314,2.529515997083406,2.0851247945991105
1.638,1.721753233569408,1.7486176555250457
1.421,2.1562413314737863,1.6969299260917896
1.284,2.311717701762351,1.8547373247616903
3.609,3.3813721383871895,3.5436182187227945
2.908,1.6026929024796701,2.1557799262557396
0.494,1.204210290908292,0.08735530825659721
3.211,2.4875164389093363,2.5661252784286215
1.986,2.13706851263968,2.1257051940580025
1.74,1.905639862173179,1.5252957751807192
2.132,1.8812119666564915,2.161786999753994
0.908,1.8504205017194901,1.1148482958059844
1.813,1.2245737130532954,1.8501409760841179
2.127,1.7379290164829793,2.2540124740974425
1.853,2.530213936955311,2.150588819387183
2.198,2.6219725024675746,2.3904046172115376
0.635,1.133430976839772,0.4811491416341571
1.592,1.7492602755797957,1.6526258997839252
2.212,1.6502759796289825,2.171801061332059
0.79,1.4523484430139388,1.563918172950522
1.225,1.2855408136285578,1.7378844799177258
1.728,2.1152271001777008,2.6430251575607815
1.89,2.0828344790639752,2.041908634044926
1.0,1.1234134869136008,1.1627850641254476
2.118,1.3325491167657129,1.4037614109403496
0.908,1.1924684789456488,1.4655674679169426
2.628,2.2987442312022277,2.6282523800079645
2.75,3.1604125859992687,2.8848339103519374
0.629,1.3408012293688292,0.5610362958311672
1.563,1.2964615198595473,1.5180601195052332
2.391,1.6220299424601068,1.912127315015818
1.838,1.98212586107669,2.080013233929774
2.472,2.3314242393220312,1.844555546131505
1.919,2.41402747592636,2.266671715033376
0.681,1.2433770343081574,1.1766528709667028
3.691,1.6666159836888845,2.284620963367536
2.213,2.2083815454337747,2.6064509237787923
2.32,2.473927139050473,2.9098103601006726
3.736,2.557556757819368,2.9171136654141385
0.906,1.2863208640736286,1.4195317165914607
2.581,2.4433820058329676,2.5873083817095917
3.45,2.4508540679910134,3.0684953998231794
1.729,1.831247682885384,2.2539619709334415
4.0,3.1898902817656243,3.404603208864228
1.651,2.087843224027061,2.151585823220719
0.49,1.1464044473998949,0.29805135082361645
2.132,2.5716387211172234,2.3348861031613977
0.583,1.4108004929922786,0.8584272008864404
2.583,3.012941996594324,3.15439465632075
2.431,1.6288861753194124,2.2681700545726105
0.975,1.0558364851985287,0.6904433904817173
1.351,1.7460579632263475,2.1231004184588245
0.866,1.2185796412122258,1.28689239024488
0.936,1.2072073268288266,1.581838566066477
2.156,1.7288557981482096,2.4106098499206037
1.625,1.4161376802480254,1.4977279259695937
1.125,1.2125445140845736,1.5708759938797336
1.363,1.2684618144101676,1.169716717230241
2.915,3.5067139283240754,3.294448269815806
2.118,2.1255319771099503,2.3063167750719584
1.269,1.5269869540212297,2.3763821566782393
0.854,1.183272094751131,0.9516269144374752
1.565,1.9485836919386499,2.0226710236892793
1.216,1.3757803335372625,0.7801575137084966
1.017,1.6728153319628674,0.8254999358969781
2.841,2.420062603054012,2.4186925798233236
1.524,2.437182657558985,1.9265209344411716
1.157,1.7135011209662916,1.157709231530808
4.358,3.594818573330482,3.7346364694667233
1.865,1.914548859361618,2.4993351605652725
1.586,2.476020958666189,2.7340497651480717
3.919,1.8886429735279544,2.6095863631093703
1.476,1.7336592666783817,1.5318712733430857
1.935,2.612652952413309,2.521852414592204
1.976,1.8643382438710148,2.032070492681562
2.821,1.6392731628248274,2.208857995249195
0.84,1.2859103112078016,1.1007325469821523
1.563,1.4473396980508535,2.0468776667887445
2.148,2.2862634240810964,2.1219980856535083
1.964,2.208094158427696,2.306636987315416
1.375,1.4129353678945773,1.040265999785119
1.431,2.282445282428908,1.6645333731543195
2.252,2.0841482482346207,2.2631695362383493
1.355,1.6477716071474398,1.377452169435549
1.014,1.5336379104476219,1.0325107725979188
0.906,1.8202859213678118,1.745246596299593
2.444,2.5827647037811268,2.791358424683371
1.228,1.632622206398435,1.9649562568258518
0.783,0.9903943583857557,0.6334423076067326
2.188,0.9635852562472732,1.3459650184065808
0.806,1.8957044828201732,1.0051008652716737
1.102,1.7272546419714856,0.9871240447687735
1.979,1.884865887162349,2.649187640337966
0.95,1.1230850446209395,1.0932663045283713
1.944,2.283225332873979,2.571862921354099
2.876,2.521058608047376,2.876225992322012
2.133,2.5682311323308618,1.6634603453440664
1.375,1.5776491776642425,1.6860025446373397
2.188,0.9189992150184957,1.231111728244948
1.88,2.0638669366627824,1.8537646711552405
2.129,2.3251017251883006,1.5563221029176124
2.706,2.540149316308317,3.063798093422198
2.909,3.0799442242972392,3.0595550991168063
1.753,2.506853478889773,1.9269159963192337
3.932,3.133398207427873,3.5703502612393803
1.145,1.5059666472909035,1.4622876471310746
2.177,2.7158659428821372,2.4930589637832825
1.803,1.5706697789451887,2.1045532336707575
3.123,2.3920628976046325,3.01644330516044
1.479,2.080986991167755,2.287177252352498
1.577,1.471767593567541,2.1174247153815022
2.572,2.038823211847355,2.1702242035208816
2.601,3.0263260200202744,2.5475327262139515
1.042,1.2590601537827366,1.2799612288280997
2.145,2.1614142975832022,1.9771021222642955
1.573,1.4528821617395136,1.3013130753708293
1.875,1.876326387553154,2.0653647481102326
0.55,1.7083692101434582,2.4953674036719016
1.75,1.2397231138023,1.2706321076162093
1.17,1.2796288523606534,1.553554919908979
1.313,1.0837130247881608,1.7530657491659583
1.496,2.4013824476588983,2.535821412490908
2.094,1.913933030062878,1.8381270453193739
0.903,1.4468470346118614,1.2492379873741286
2.929,1.7816528966935208,2.4885511782035734
2.194,2.2750142755574454,2.2750088718987023
3.246,3.31568367985492,3.036871429540296
1.073,1.6710910099263954,2.105260036873606
1.154,1.730908562477343,1.3981051778973694
3.875,2.31524845640846,3.0910810692463526
1.561,1.3811175207930093,1.3078207057129307
2.095,1.4811281989083893,1.6625360360814285
2.852,2.523480869955754,2.9255469999203934
2.087,2.0910044810939263,2.0810266125973174
2.117,2.3879984242329484,2.0594672067734523
0.995,1.5312567038258273,1.2759761414723763
1.268,1.0149043644756086,0.8870094157422121
2.873,3.4457057724622304,3.344294412998198
2.645,2.1773026934906947,2.736059279076703
2.092,2.217618984914875,2.5797665930669074
0.705,1.4017683299440915,1.3819652426324835
1.628,1.6633726160488536,1.9698452990690902
2.896,2.8151786811256114,3.0866892990960397
1.037,1.6923576483762175,2.0440551139799195
2.348,1.8585494484628584,2.464463843323476
1.167,1.4877791553347817,0.6971240629171236
1.0,1.3301268548573355,0.6871217309450026
1.784,1.9137277536299648,2.4655650499190256
1.105,1.972847366309007,1.4240658436697644
1.37,2.577550682385128,1.7728265657155604
0.892,1.4963186549439766,1.0721572110294828
0.641,1.1050207185245655,0.6558596255201126
1.767,1.328689919826942,1.4187190589095346
3.254,2.5520964047038737,2.368130748910536
0.853,1.5596259068544511,1.3789858224537652
1.24,1.035514118340108,1.6384352520270415
2.147,1.7158412723015037,2.196077394223297
0.929,1.099519310122488,1.1056426786759654
2.02,2.141461428304025,2.666280366520043
1.237,1.6814369421452278,1.6990060719645934
2.252,2.085585183265014,2.2873915885491725
3.5,0.7302680625979696,1.2465755774815022
2.055,2.25970065366211,2.1183600585936833
0.618,1.5611449524580099,0.9992518227147875
2.389,2.6654500509586203,2.6723165156354685
0.858,1.1189795159626725,0.5643336027374222
2.412,2.5396566528693247,2.466272840429319
2.21,2.8418646174043456,2.7921960744602967
2.276,2.6847049803658916,3.0854388231438605
0.649,1.375369780671436,0.6279626394659932
3.118,1.931874190299504,2.7200679493991027
1.758,1.5283828337650405,1.6656269308463731
1.493,2.7009218185660457,1.9783635302116553
2.175,2.323829011304238,2.3815490340011385
2.032,2.1537369589922433,1.7886228695896684
1.849,1.5196380577229323,1.781603814886657
2.244,1.8555524125423237,2.101450952451956
1.179,2.4383732608698825,1.832436797349434
0.836,1.094305288726489,1.058607406363233
1.799,1.6438713549220862,2.0808695529341312
2.77,3.273273568815024,2.772734185772366
1.646,1.1566272137589797,1.6631239400772448
1.698,1.9102791095570206,1.9141557395642521
0.604,1.1196364005479953,1.213384017978656
4.399,3.486268395605907,3.604442244636959
2.222,2.266105278369006,2.6389234253760363
2.04,2.575251586336498,2.766847716201017
1.083,1.4578498514160163,2.389311884307415
0.705,1.1707502323434174,0.3539207087330005
1.758,2.0448993942615896,1.952407670520057
2.263,1.8462328624880582,2.077806582568863
1.952,1.8283738128245974,1.6213899565218939
0.444,1.091718805671781,-0.2805241390419715
0.864,1.6074963710098422,1.5359591778228918
2.313,1.8482035162440262,1.9922280130481345
1.848,2.2193843622379297,2.634853897018034
3.514,3.171784900382668,3.3932082430750423
1.969,2.505539709719127,2.2137033673074504
1.337,1.8042333043139884,2.127861942686422
1.114,1.4071876277730038,0.8210774763957112
3.496,3.2678132156995288,3.190774088304084
0.869,1.1196364005479953,0.8652062641375526
1.808,1.8812119666564915,2.3435485139437455
2.314,2.753718917111357,2.7155766037652507
2.26,1.2269138643885076,0.9559663135591076
1.5,1.3909707895728496,1.0158737507027173
0.973,1.0766104602093591,0.9209858085867916
1.569,1.4298912012532194,1.0794700114784157
1.026,1.1120411725302017,0.8728139409255413
2.538,2.371576309599881,2.4509895805795043
3.25,1.200227928109773,2.0798239560705674
1.425,1.5198433341558455,2.0154792101230794
2.672,2.718329260077097,2.6624025717739763
1.033,1.4335861770456595,0.906052925710694
1.03,1.378572093024884,1.3650764936812596
2.49,3.07887678684609,2.6531927549774394
0.85,1.5000546860229993,0.17779430264743912
1.522,1.4032873755476505,1.6142310534335285
1.877,2.418009838724879,2.237148995648036
2.556,1.7286094664287135,2.104670764509386
3.524,3.234640544140733,3.3198118409403232
1.712,2.1011451368798455,2.2440809094312995
1.589,1.8009078261007923,1.7545455558293455
0.621,1.4095688343947985,0.5231832468072961
0.78,1.4883128740603564,1.0950711468516332
1.677,1.678070408645449,1.8008034070877732
0.571,1.488969758645679,0.6458836474027143
2.61,1.3641206321477848,2.079580769460639
3.35,2.456724973972335,2.8403395795889157
1.067,1.8322330097633683,1.6629428400099766
3.187,2.824292954746964,3.338088178823712
0.991,1.7371079107513259,1.6213454640209246
1.668,1.70763021498497,1.534489991712554
2.784,2.185595861380394,2.6112377090330083
0.683,0.9337791181882561,0.6430533004320771
1.171,1.7811602332545289,1.1852947297505025
2.238,2.449376077674037,2.3257776992996293
1.161,1.4449995467156413,0.6896156845985586
1.716,2.0926056372706503,1.920692993529312
0.572,1.0986160938176692,0.9341737366931012
2.759,3.162465350328402,2.885302206218354
1.038,1.8871239279243956,1.2793591804600721
1.543,1.8555524125423237,1.6489485822286103
0.905,1.2282276335591529,0.7108840073811504
1.345,2.2497652743091043,1.690146382226294
1.663,1.983850183113162,2.181798120226386
0.785,1.210409639182275,1.0514516891740533
0.911,1.1861870200985005,0.9732096666785099
2.595,2.643526527923475,2.4702598036644283
0.694,1.3104203172976547,1.3869838260699994
2.14,2.214786170140671,2.127162011526092
1.406,2.00950973722733,2.372874747649181
0.575,1.1401229885527469,1.2901241079149655
1.341,1.9261264501779305,2.2312608563754006
1.625,1.2841859891713296,1.7315758417712643
1.5,1.4763657856647998,1.1589301690049285
0.535,1.2546261828318088,0.5449694242921113
2.145,1.9268243900498359,1.9390768829125107
2.294,2.0662481432845774,2.2691810745180274
1.015,1.085765789117294,1.110702602684861
1.877,2.6225062211931496,2.329477056561124
1.298,1.5989568714006472,0.4895364970279785
0.953,1.84734135522579,1.472893773935163
2.256,2.2981694571900704,2.1012482897346922
0.593,1.1268210756999624,0.6400609021829247
4.219,1.8384323580373512,2.613041600300038
1.656,1.3817744053783323,2.3350161988970872
0.652,1.020528938737434,0.7982080208330928
1.971,2.355934245411884,2.304051904521653
1.295,2.7376252447709515,1.990782928503201
0.952,1.6246164255148148,1.8227626348238328
4.3,2.7302352931860705,3.0563076930014588
2.712,2.7033030251878403,2.8113875129956467
3.579,3.301396440124152,2.7720120012494958
1.223,1.4426593953804292,1.46219941569776
1.515,1.7312370047700043,0.7872358351666771
1.813,1.4791986004390039,2.077369094575059
1.207,1.6673960341339553,1.0948390551396012
2.346,1.515327252631752,2.542467678387906
1.888,1.3147311223888347,2.0485290265224565
2.493,3.0739912077427523,3.7653963373758446
0.81,1.4407297969110437,1.0877673801684193
3.75,1.8032069221494218,2.5772642245051243
2.688,1.67593553374315,2.128369364538426
2.879,2.95870796301862,2.950582168272768
2.783,3.073416433730595,2.8381777361120935
3.31,2.3661570117709685,3.215866518766654
2.183,2.4166550142676506,2.7730291410128323
1.067,1.6246164255148148,1.9010071980187342
0.632,1.3302910760036664,0.4777881055020612
2.705,3.136764740927652,2.79199800998461
1.265,1.8587547248957719,2.1354919044819938
2.598,1.9261264501779305,2.3576793703530106
1.886,1.5940712922973097,1.8186541688035482
2.063,1.3346018810948463,1.8240347782182078
2.385,1.6658769885303963,1.7634642447416575
0.814,1.395035262944534,1.0601907112625655
1.25,1.9684544506446615,1.9921358366930255
1.513,2.18399470520367,1.7924042812902026
1.75,1.1247272560842463,1.612829045747306
1.566,1.915411020379854,1.6433575054951721
1.725,1.5495263063551146,1.8177841710356923
0.875,0.9574680185464557,1.4755135907472243
1.985,1.4969755395292992,1.1364069153856908
2.157,2.5686827404832715,2.3340989714169145
2.341,1.4780901077012718,2.0579956636866634
1.765,2.1089456413305525,1.9884796334379544
1.441,1.6693666878899232,1.1575763658785725
2.221,2.743865648331517,3.116824035009069
0.631,1.1533017355457833,1.0862345674283658
4.561,2.4143559182190213,2.7263313770063315
0.916,2.0227705947935317,1.307562672024181
0.952,1.8940622713568664,1.8258165485993398
1.092,1.560488067872687,0.8923464166216961
1.96,2.067233470162561,2.3064231346354847
0.768,1.15248062981413,0.7751290867931506
3.036,2.119496849982298,2.338516184972163
2.594,1.5129049907233745,2.1903437820380414
3.619,2.6832680453354985,1.7594482091731567
0.596,1.6315958242338684,1.434721159948479
3.458,3.558238312985324,3.0686080226638333
3.404,2.364063192155253,2.839317116043464
3.009,2.8384159733314016,3.0012938058056577
2.557,2.814973404692698,2.642958328945869
2.75,1.2605791993862954,2.0919643085755997
1.164,1.2790540783484963,1.6789513057445202
1.273,1.8221334092640318,1.2832709620006928
2.373,2.402244608677134,2.5745522599838555
1.355,2.0637437708030344,2.338358059782353
1.909,2.3516234403207044,2.5644739241750623
2.161,1.5270280093078124,2.2698647106868313
1.958,1.4449995467156413,2.0455137896881688
0.798,1.9106896624228473,1.1354662897350818
1.031,1.4915151864138045,1.9340730204937888
2.478,2.5204017234620535,2.6617678300419394
2.423,2.5809172158849063,2.598712002599256
1.601,1.7154717747222596,1.6715839173183724
2.285,1.766175053651855,1.9682599744562597
2.793,2.6505469819291116,3.1784356340219997
1.375,0.9297557001031547,1.3035074234750523
2.444,2.7215315724305453,2.851637907775358
1.667,1.20125431027434,2.0338303559057755
1.068,1.7300874567456896,1.3011994694909734
2.375,1.6315958242338684,2.2128506842000064
2.271,1.5286702207711191,1.558182123230363
2.984,1.5668926925795832,2.2347345728461923
0.742,1.1721871673738107,0.8552979589966212
1.317,2.0683009076137107,1.3547274671661074
2.66,2.255102461564851,2.3047377781436267
2.365,2.3137704660914844,2.46168899573883
3.103,1.8831826204124595,2.2033897701920466
2.442,2.0987639302580505,1.381474554872633
2.115,2.1029515694894827,2.360141286737719
2.37,1.9467772593290127,2.0318060595041456
2.355,1.901452222941747,2.5325701192708543
1.36,1.6695309090362538,1.307935527752488
1.308,1.5647578176772847,1.21622821674881
4.029,3.284686938485006,3.2872289294402273
1.544,2.479633823885464,2.210878294218184
1.732,2.760780426403576,2.1683126186921617
2.49,2.28893201770897,2.7050588586225617
4.473,3.6126776229939424,3.8291094068014395
2.286,2.5027479502315058,2.6511031824675166
0.582,1.3747539513726958,0.2755393815987961
0.855,1.8830594545527115,1.5358269557930602
1.134,1.6126282818326758,1.4405066131372402
3.839,3.2218723500135233,3.5240840618157154
1.45,1.8640919121515187,1.5868848847675463
4.629,2.233712657255281,2.900429958792933
2.524,2.2476714546933882,2.6991483719341387
3.02,2.1289395658963115,2.644581427280108
2.192,1.4317386891494392,2.167139341061207
2.627,2.0315153708356397,2.0564030057467866
1.33,1.5466934915809105,1.3995272106381664
4.411,3.1414039883114935,3.418614052513293
2.1,1.0447105025346257,1.2272169399685757
1.969,1.950308013975122,2.155742536269801
1.185,1.871481863736399,1.791735374315999
3.558,3.412738377336348,3.6812935126375184
1.669,2.2825684482886563,2.174041338618645
1.889,2.1372737890725935,2.649528648654012
3.427,2.1927805365323607,2.697169750407607
1.456,2.2233256697498662,1.899535119158087
1.53,1.8658162341879907,1.586650879567972
2.26,2.0793037244178656,2.3779359589194082
2.288,1.4215569780769377,2.0974981148338525
4.65,3.337976700469309,3.211316605583577
0.945,2.184856866221906,0.8026351821945827
1.632,1.6502759796289825,1.8994424561388261
3.902,2.5497562533686615,3.06872991889234
2.716,1.8170836090143636,2.0675351452196735
2.375,1.2761802082877094,1.997589670413423
2.642,2.497410762975759,3.0874475585900356
1.954,1.872097693035139,1.8359676200964152
1.474,2.142734142188088,1.7162348166485861
2.531,2.693983475133575,3.0523446791073594
0.832,1.547637763172312,0.9109652701527389
2.359,1.9951403869233957,2.2963066495764433
3.333,1.7914240549001959,1.9472760931500939
1.764,1.714445392557693,1.570337726231401
2.101,1.633484367416671,1.5967369205166349
1.5,1.778573750199821,2.1751651007196635
2.212,1.8555524125423237,2.560432748770798
2.367,3.0132704388869858,2.695989065371381
2.8,1.5950155638887111,2.392232855845458
3.782,2.5086188562128275,2.8797038663839367
4.24,3.3495542912856218,3.6103754471033023
1.227,2.1030747353492307,1.7531105712626283
2.25,0.9936787813123691,0.5705881857664354
1.5,1.3394464049116013,1.5635096952058773
2.489,2.333477003651165,2.5172732596649356
4.276,1.9566715833954358,2.537689893532442
3.447,1.9197218254710342,2.464186331418834
0.736,1.8680742749500376,1.0108860586702768
1.734,2.323336347865246,1.3484411576424014
2.688,2.16814736458276,2.6533343249806522
3.617,1.67593553374315,1.781428960353352
1.831,2.0759371909180873,2.250928992464467
1.484,2.2101058674702467,2.7526642219370547
0.808,1.7567323377378412,1.1504067698026845
1.565,2.214786170140671,1.7638066599444397
1.161,1.3052884064748211,1.8680418418547928
1.793,1.8106379290208847,2.5320118771066027
0.9,1.931751024439756,1.5544208344759254
1.429,2.0556969346328313,1.9171791494015125
1.1,1.5751448051826997,1.1588861899805398
4.185,1.6882931750045334,1.9462432740743036
1.091,1.28003940522648,1.3830739884594974
2.645,2.007456972898196,2.3556893534936827
2.725,2.73191855993596,2.8289801017063687
3.55,1.7529141960856531,2.472037846403453
0.726,1.4449995467156413,1.2129898560699284
2.131,2.1454437911025446,1.9968025378071999
0.658,1.547637763172312,1.3905008812898347
1.833,1.319165093339763,1.595798989480875
1.89,1.7721691254929246,1.545543620525753
1.586,1.6873899586997145,1.153004948293558
1.901,2.2489852238640338,2.3892102993382616
2.386,1.9207482076356008,2.2114594361104367
0.708,1.5465292704345799,1.1791926243722295
3.927,3.4801101026185064,3.6420859745976477
1.483,1.522881425362963,1.1198576334566048
2.713,1.9719441500041883,2.325774168067777
1.447,1.871605029596147,2.2862632316836002
1.261,1.7991013934911548,1.8323184437698956
1.641,1.7841572691750636,1.3527736167226339
1.875,1.754802739268456,2.1251735221797023
2.64,1.6903869946202494,2.226460582549913
1.873,2.1158018741898577,2.251869098522805
1.241,1.5381539919717155,1.535891661377355
1.167,1.3188366510471017,1.2435260781961435
1.932,2.2518590939248204,2.145227027937182
3.188,2.291764832483174,2.670443882189747
1.75,2.1309512749388624,2.177506408363081
2.092,2.1987335530868477,2.4169814179173574
2.403,2.311717701762351,2.4389048052320437
0.921,1.5673853560185753,1.3426913842666635
4.135,2.891582569455957,3.2366019154767183
1.476,2.3840160614344295,1.6672941661315466
0.463,1.1920579260798223,0.3751001664378162
2.491,2.260973367546173,1.7224224062734041
2.715,2.293489154519646,2.300411795613385
1.414,1.693260864681036,1.9041552550103908
1.504,2.3267439366516074,2.563802113080854
2.65,1.0960296107629612,1.9067555215694387
2.161,1.5026001137911247,2.125071200399521
2.709,2.6101485799317663,3.095951191304902
3.386,2.4760620139527716,2.7166083821147646
3.02,3.5231770982437256,3.1617605539738527
1.244,1.7914240549001959,1.008012954536662
0.714,1.8775580461506338,1.4156793250757167
1.663,2.069122013345364,2.568486613807357
0.743,1.717401373191645,1.2869577965708965
2.232,1.6556952774578946,1.9884220874139533
3.054,2.5028300608046714,2.9348553462798628
0.615,1.1861870200985005,0.5366606292717564
2.701,2.2209444631280713,2.753174781840731
1.584,1.9678796766325042,1.8312644373381701
1.238,1.3859620446097642,1.8916406411851532
2.043,1.9137277536299648,1.9925039724963798
1.137,1.6673960341339553,1.6138250147222082
3.318,2.1708159582106332,2.888454160931505
1.115,1.1268210756999624,1.406165047725
2.61,3.0642611048226596,3.1535009299343897
2.048,2.6643415582208885,1.572543942925484
1.854,1.7598935948047068,2.168780145408673
3.449,3.539476047017045,3.269580560106694
1.8,2.3785146530323518,1.8707251424681057
1.792,2.321694136401939,2.5284657626288376
1.65,1.6930555882481229,0.9998735575031549
0.783,1.778573750199821,1.4000585530114804
1.627,2.560759070172816,1.5453251725630774
0.62,1.5043244358275967,0.8735531377495183
2.551,2.8899814132792327,3.186003221479515
3.404,3.506385486031414,3.8509620251507832
0.557,1.263986788172657,0.21602932001285824
1.489,2.062430001632389,1.8832349286910814
1.472,1.3140331825169294,1.1727996719540217
4.188,1.6737185482676862,2.7921780844138655
1.831,2.5298033840894845,2.7547338714081544
2.167,1.1356069070286532,2.0794544459199478
1.364,1.896607699124992,2.0173771056668746
1.552,1.6114376785217783,1.8821135118740104
1.945,2.103936896367467,2.2683419030975607
2.649,2.4060627503293226,2.1914147104094353
0.713,1.6735953824079381,1.5009590936798114
1.819,1.037648993242407,1.0325319485078124
2.679,3.1010876968873133,2.9014715780114213
2.26,2.2378592412001304,2.373369322310128
3.75,1.2910422220306352,0.9833705633809876
1.25,1.6092206930463142,1.262799882339155
1.254,1.983850183113162,1.7168750064654623
1.56,1.5402888668740142,1.2665275847220947
3.761,2.3613124879542142,2.833672627669826
1.213,2.333846501230409,1.5275694862291853
1.485,1.0933610171350876,1.0818571173321803
1.659,1.4636797021107553,2.273147708066056
1.095,1.86195703724922,2.0302776076110645
1.628,1.5422184653433997,1.4659080403689235
1.739,2.3174243865973416,2.104824431476165
1.164,2.405693252750078,2.006747343206052
1.75,1.20125431027434,0.5259678142273947
2.102,1.5423826864897303,2.263793070862582
1.642,1.3628889735503047,1.2377491598863841
1.904,2.178123799222348,2.461487941701801
1.668,2.7642290704765204,1.7466372371031262
1.417,1.8594937200542598,1.794396588974786
2.471,1.741911379281498,1.7515127193603806
1.667,1.65392990013484,2.420618147115541
1.244,2.1036084540748052,2.0653120241699536
0.804,0.9098028308239781,1.0010786319116094
2.922,2.978003947712474,2.686581256581681
1.205,1.3159217256997322,2.0095892020447925
0.712,1.5803998818652811,1.0060963642973597
2.585,2.4575050244174057,2.764365916217402
1.794,1.896607699124992,2.2152723538463883
2.667,1.0831793060625858,1.797239134163741
1.375,1.4124016491690026,1.861279252203921
0.788,1.1262052464012222,1.2127166917601848
2.346,2.327031323657686,2.580859785405383
2.559,2.801999934132575,2.6644569744503572
0.722,1.33066057358291,1.1165011747294038
2.659,1.3444962051612692,1.8163125351457066
2.693,2.420062603054012,2.3831317286012057
2.844,2.12122117201877,2.397119520763241
1.855,2.568846961629602,2.3104996698967506
0.814,0.9603008333206599,1.1411404086890122
4.351,2.642376979899161,3.1611450654408313
1.125,0.8900552379777147,1.765253842591601
0.955,1.4238560741255673,1.040779368147875
1.543,1.200474259829269,1.1026961548409542
1.088,1.3371062535763891,0.9894777336941923
1.901,2.3482158515343428,2.2069029393445234
0.595,1.5574910319521522,1.2172858119291319
1.019,1.446025928880208,1.2638139114318088
1.08,1.1041996127929121,1.2826702394851632
0.995,1.2599633700875557,1.1617961401644514
2.023,2.4713817112823477,2.9342608274252924
2.1,1.4958259915049845,2.0405703413887126
4.167,2.894579605376492,3.3329630318880668
1.528,1.3378863040214597,1.280007330539719
4.112,2.724651774210828,2.9054872666739446
1.375,1.124275647931837,1.0263578259217423
3.376,3.2522943173712804,3.6468898394357296
0.492,1.2749074944036467,0.26234149096751125
2.55,1.930396199982528,2.6367748558982287
1.67,1.6549562822994068,1.745667539099034
1.352,1.458506736001339,1.8486222431222252
2.307,2.9037349342844267,2.6217164993142
1.358,1.6631262843293575,1.9342264712651984
2.174,2.1561181656140382,1.9976375861997793
4.357,1.7513540951955118,2.569439127628659
1.047,1.5564235945010028,1.932009898807595
2.083,2.001175514051048,1.5865785096610168
2.217,2.4674404037704116,2.5695606763593335
1.53,1.425990949027866,1.1804863152973148
0.906,1.8897514662656865,1.7727239264467012
3.631,2.070230506083096,2.6178294531718684
0.917,1.4646239737021567,0.9993418335211782
1.897,1.8106379290208847,2.0079250194748224
1.625,1.9171353424163262,2.0253650740571927
2.504,2.106112826556348,2.1358353125160585
3.077,1.9410705744940218,2.5474802702363353
1.249,2.319969814365467,1.5322718765679504
0.802,1.109536800048659,0.5771608627484863
0.928,1.7389143433609633,1.038906601211059
1.207,1.9213229816477584,1.293916545001027
0.842,2.088459053325801,1.5727852797044068
1.95,2.091620310392666,1.550295900922133
1.789,1.8338341659400923,1.956583477690331
1.882,2.676658144195689,2.9371072635033
2.755,1.9251000680133639,2.4491145049560457
1.868,1.7452779127812768,1.9644795969938278
3.625,1.7187151423622906,2.6466677692878413
1.196,1.7064806669606551,1.5418454858294413
1.681,1.8081746118259245,1.8443709360027403
1.382,1.9122908185995713,1.4079500455773104
1.563,0.9890395339285275,1.5726139545611137
3.821,1.983850183113162,2.855765211769448
0.975,1.5238667522409468,0.7469690890039509
1.938,1.3499155029901817,1.774900501665244
0.546,1.08724377943427,1.3096689473097303
1.938,1.539098263563117,1.3526248249556165
2.511,1.4975503135414567,1.5665587401856929
3.5,1.2515470363381085,1.826124103207503
1.41,2.015914361934226,1.45579812471495
1.864,2.322309965700679,2.7439899274941575
1.17,1.7300874567456896,1.2854766487127907
2.681,2.3516234403207044,2.3642515910569015
0.886,1.2719925690562772,1.3021835694526658
0.546,1.0110041122502553,0.6823273622056902
3.479,1.8099399891489794,2.5605928321163374
2.578,2.943230119976954,2.6364452559740434
2.126,2.4622263823744124,2.300076704991894
2.7,1.7120641859358983,2.230731046448814
1.885,1.9081031793681391,2.081935989488483
1.489,1.8362974831350525,2.23872385591027
0.7,1.1642634970633559,1.3043196033036404
2.146,1.2667374923736956,1.2632186384764297
1.833,2.1174440856531644,2.501644250756428
0.747,1.6442408525013303,1.1574304676255083
1.527,1.63746673021519,1.028853867329591
3.693,1.8890945816803637,2.5326398984001655
0.981,1.3532409812033777,1.035567855637376
1.976,2.5663015338614765,2.6975692181569806
2.273,1.8897514662656865,1.8556895470484536
1.475,1.1896767194580273,0.9790283000824813
1.698,2.3961273709763167,2.7718821421487756
2.485,2.321529915255608,2.438345177116156
1.566,1.2878809649637701,1.5028072777151564
2.986,2.197173452196706,2.4201005977349976
0.808,1.3218336869676366,0.5104132085242115
1.41,2.0950278991790277,1.7507005132835451
1.609,1.8537049246461037,1.8696004253532017
2.802,2.483451965537652,2.8581160823618106
2.763,1.6230973799112562,2.1398562876596645
1.069,2.304615137183549,1.7659328914830428
2.952,2.6698429666229657,2.591296505295322
0.818,1.0607220643018664,0.5961385566290431
1.404,1.7240523296180372,2.0640616738613797
2.381,1.6961757900284056,1.883813897306294
2.164,2.605180890255263,2.4953525151775535
3.547,3.6758617090446686,3.4206275690834858
2.11,1.669654074896002,1.8599351731881233
1.809,1.5693560097745434,1.4333539512161855
1.396,1.7415008264156713,1.251256182663184
1.624,2.3302746912977166,2.487635055713907
2.373,2.7772846516098086,2.6861295314643794
2.152,2.233712657255281,2.1303592768875257
3.621,2.586459679573567,3.22943999463332
0.989,1.768884702566311,1.7737093643384185
2.724,3.185127868522035,2.892074782796714
0.593,1.4514041714225376,0.6810935408622449
1.587,1.6092206930463142,0.7719349697524414
0.733,1.1475950507107924,0.2658622346206707
0.944,1.8958687039665039,1.665286273896001
0.944,2.155420225742133,1.3783776517620905
0.525,1.1908673227689248,0.6975570763430217
0.858,1.2313888906260182,0.6360134880514834
1.953,1.6658769885303963,2.3307492891940127
1.518,1.035514118340108,0.7523662718511877
0.631,1.3863315421890083,0.3061911003028879
1.018,1.7073017726923088,2.288718386396067
0.886,1.386618929195087,1.2452435062593827
1.391,1.2318404987784275,1.1757410619906326
2.213,2.0967522212155,2.7534941298903437
1.494,1.831001351165888,1.5968213654440098
3.662,2.7640237940436068,3.28398846784674
1.063,1.5287112760577017,0.7678842356287201
2.226,1.6673960341339553,1.9553590358504518
1.136,1.254215629965982,1.6864416068661097
0.82,1.6107807939364556,1.703137213300733
1.75,2.886655935066037,3.1157116393902777
1.042,1.3819386265246627,1.912258577646747
1.76,2.402039332244221,1.8342254486143381
1.381,1.2114360213468416,1.6209007860573452
2.576,2.2208212972683232,2.642423416939634
1.298,1.3989765704564703,1.291313508149742
0.654,0.8890288558131478,1.0323202859389597
1.913,1.6664928178291365,2.0842117692857265
1.395,1.200227928109773,0.9560363980012063
4.29,3.592478421995269,3.4405760129789593
2.226,2.266105278369006,2.0034378723782
2.625,2.4149306922311786,3.2424248138446226
1.82,1.7162518251673304,2.1417393259907227
4.338,2.159648920260148,2.948614908170847
1.478,1.8140044625206635,1.7640955066147987
2.325,2.108494033178143,2.5798421138279855
1.875,1.7112020249176623,2.180181216389667
2.5,1.3731527951959719,2.0748069653847594
3.398,2.0351692913414974,2.370176414321115
2.5,3.614853553182824,4.36680775617499
2.0,1.0461063822784364,1.3694643688126598
1.388,1.6860351342424866,1.3658865649537928
1.78,2.334831828108393,2.3171001452085225
2.095,1.6067573758513543,2.4179657209787
2.554,1.4193399926014736,1.828915941547783
1.547,1.4284132109362433,1.3744122773132672
2.365,3.462497384674542,2.96767951868417
4.528,2.256949949461071,2.694930647751889
1.811,2.2381055729196264,2.2451168178985292
1.919,2.054875828901178,1.750089733940574
0.65,1.2496584931553056,0.4947407310166869
1.375,1.3808711890735132,0.9974182936925156
1.098,1.5581889718240576,1.2006958341350167
3.669,2.987036110760661,3.1956703575682672
1.413,1.9010006147893375,1.3741027133575625
2.596,2.119496849982298,2.7338375382426077
1.628,1.6890321701630213,1.4466653415140114
1.796,2.434719340364025,2.5306785895981796
1.746,1.7988140064850764,2.0586803664896354
1.868,2.4143559182190213,2.873945463485336
2.796,3.237760745921016,2.7952738457126296
1.125,0.8238330607198707,0.5350225347385689
1.951,1.569027567481882,1.524470521838147
0.729,1.4672515120434473,0.6273356844189508
0.814,1.7529141960856531,1.008122603567337
2.667,1.3352998209667517,2.1457024935794697
2.388,1.8394997954885004,2.24852699662151
2.118,1.868402717242699,1.7935860785228899
1.98,1.7796822429375527,1.5888943982908579
0.645,1.3325901720522957,0.5678576552741119
2.5,1.4615448272084564,2.4041524967742602
2.042,2.0880074451733917,2.60817446720778
2.871,2.9037349342844267,2.7617438960849823
1.395,1.4723834228662809,0.6320236588228696
1.042,0.9307820822677214,1.50405398513718
0.481,0.9894500867943544,0.41146036279893483
1.679,1.142093642308715,1.6139141676651807
2.547,1.5458723858492571,1.5810112739836306
2.22,1.951786004292098,2.34663289487148
3.408,1.992389682722357,2.538656321331534
3.921,2.1121479536840004,1.6583645269418439
3.607,2.596436114213155,3.3131848135442494
0.933,1.7128031810943862,0.8521414164572576
2.458,1.8952118193811813,2.309028724870734
0.972,1.2037997380424654,1.648618683936635
2.663,2.9826021398097327,2.31231972204962
0.865,1.3048778536089944,1.4652011532939424
0.724,1.26111291811187,0.9259329257899303
2.021,1.63746673021519,2.1121208518103023
2.409,2.1047990573857027,2.480136304863432
2.312,2.7652143973545042,2.5856736616155542
2.473,2.2319062246456434,2.424131695186049
2.25,1.843153715994358,2.019567070064136
1.425,1.6973253380527202,1.5987985048573363
1.155,1.3796805857626162,1.2142640493024013
3.15,2.038823211847355,2.4975922016332435
1.853,1.7529141960856531,2.5103959082875464
1.142,1.6826686007427079,1.174645550417661
2.362,2.3608608798018045,2.0026346223529083
1.695,1.437486429271013,1.605579538995737
0.885,1.6784809615112757,1.203036943089789
1.375,2.060828845455665,2.462431088992329
1.215,1.403944260132973,1.0259873959240333
0.898,0.8548298020897851,0.5375875439347995
2.121,2.080247996009267,2.2871059134136313
1.328,1.3332470566376182,1.3874658834249975
1.225,1.6601292484088228,1.3976297402861102
1.708,1.9473930886277526,2.103662559856012
3.131,2.1246287608051317,2.475529427168869
0.938,0.8561846265470132,1.5036477097662442
3.75,1.7486444462810555,2.493715150057358
2.713,2.151643139376527,2.8378023291850525
3.596,1.4833041290972708,2.3949181184838526
2.081,1.9137277536299648,2.219577952952947
1.397,2.199185161239257,0.994366714760989
1.37,1.4913509652674737,1.6396293924324938
2.5,1.4696327186652423,2.1237947140090156
3.441,3.0720616092733666,3.3564967492717948
1.922,2.2757122154293503,1.7761805108500472
2.2,1.6393963286845754,1.8286957346228319
1.894,2.2789555830693815,1.8482891212624892
2.091,2.0736791501560403,2.267191137180283
1.903,2.660933969434527,2.6621566290056737
4.178,3.085117190406655,3.701258554570418
2.723,2.329905193718473,2.631206938889309
1.649,1.5134387094489492,1.5876572469316517
1.443,2.246850348961735,1.5064836851764958
2.893,2.2804746286729403,2.0774047527404007
0.964,1.9889820939359957,1.7614433292770464
3.013,2.420062603054012,2.9737467961622595
2.465,2.7536778618247744,2.6890838288960204
1.9,1.3566075147031564,1.5251721061310257
1.694,2.1326755969753344,2.229204001384486
1.64,1.284637597323739,0.7207286783994429
3.167,3.0443082355434834,3.029566384435884
2.172,2.969587613963027,2.7417439504910073
1.728,1.8783791518822874,1.881897827730584
3.022,2.384549780160004,2.4317852819754355
0.55,1.26172874741061,0.838887436114196
1.505,1.2184975306390604,1.8644538976051832
0.633,1.2327437150832465,1.0743885248425866
2.051,1.8578925638775359,2.096925833378402
1.273,1.49837141927311,1.461619722185337
3.352,2.45787452199665,3.092121665596848
1.238,1.8016468212592804,1.6350468565132366
1.185,1.4218033097964335,1.6168452601066592
1.392,2.150657812498543,1.5045450723569973
2.006,1.892502170466725,2.261165334218166
1.002,1.873452517492367,1.6214771466875335
2.685,1.762233746139919,2.705793854406897
2.2,1.7932304875098333,1.4355077499210487
0.708,1.6750323174383315,1.1820144320443822
1.845,1.906871520770659,2.1700583705487517
2.402,3.174248217577628,2.393679111748303
1.351,1.9113465470081699,1.5435806861882226
3.19,2.59635400363999,2.5016496151629246
2.339,2.6392978334054606,2.3999418837996584
0.946,1.1359353493213147,1.5507571129613646
0.55,1.085765789117294,0.06853877372705686
0.592,1.3527893730509684,0.850827770172162
1.133,0.963872643253352,1.1102954952491895
2.682,2.116417703488598,2.659021131569982
2.063,1.7371079107513259,2.509807830070524
1.488,1.6425575857514407,1.5568226374145377
1.455,1.9723957581565976,1.7549628315793488
0.945,1.4629407069522673,1.598003429173104
1.199,1.375369780671436,1.1106799950584927
3.817,2.947294593348638,3.4864918831249065
2.063,1.9215282580806716,1.953486125898385
1.58,2.085913625557675,1.7649539234532303
2.657,2.6045240056699406,2.0892640580678807
3.05,2.6638488947818963,3.238093914983777
1.39,1.8319866780438723,1.3114439479473017
1.978,1.8860975457598288,2.440481668823038
0.675,1.1250967536634904,1.8384270781345924
0.925,1.5923059149742549,2.009245641427018
1.142,1.3386252991799479,1.9058818953851295
4.0,1.2948603636828235,2.3587012218428476
1.472,2.678998295530901,2.208763423701601
1.908,1.8096526021429007,1.7100640514506777
3.5,1.6417364800197876,2.4515640259015274
1.813,1.343921431149112,1.9484657498159978
1.306,2.281501010837507,1.3382171528242393
1.621,1.7094777028811903,1.6632679876148264
1.849,1.9710409336993695,2.0499334701410623
2.11,2.0168586335256276,2.330999593743287
0.724,1.695888403022327,0.9953130331889649
1.072,1.789576567003976,1.0964857882533035
2.766,1.6716657839385527,2.3661837993836805
0.892,1.331810121607225,0.7158175335131083
0.904,0.9535677663211022,0.9796459328871316
2.417,1.81010421029531,2.4781764240593125
4.667,3.535740015938022,3.7403744443186824
0.483,1.0479538701746567,0.9519640704315934
1.2,1.6666159836888845,1.263955125117005
1.982,1.1759642537394162,1.9470062157986456
1.415,2.1255319771099503,0.6857594297401999
1.588,1.1572430430577194,1.1129342323031688
1.841,2.3642274133015833,2.425654515396385
1.924,1.4776384995488625,1.6480790430806176
3.7,2.023016926513028,2.9116182322686983
1.984,2.2836358857398054,3.06579946872172
2.188,1.5875435017306654,1.721932956179404
0.855,1.7490139438602996,1.447409685291506
1.718,1.8156466739839703,0.7057200788680844
2.959,2.0754855827656775,2.0701152744245617
0.751,1.2953119718352328,1.3156609241543826
2.013,2.6201250145713546,1.8337058366911996
0.679,1.6217836107406107,1.5927463686990602
1.8,1.98520500757039,1.9437139544566722
1.594,1.404436923571965,1.1721691226104631
1.899,2.8406740140934486,2.3762185434224925
2.938,2.9530012781836286,2.5192880064776446
2.526,1.8298928584281562,2.1880530857704805
1.707,1.9046545352951951,1.5503736931775152
1.742,2.0758140250583392,1.401936756851294
1.163,1.67593553374315,0.9409775209027018
1.48,1.6668212601217978,0.932352143610708
1.521,2.1859243036730556,1.9633442719751675
0.898,1.8368722571472096,1.4454041035199703
3.5,2.983546411401134,3.109605371229962
4.059,2.1828451571793552,2.832705887008429
0.637,1.2022806924389067,0.15077153180350278
1.341,1.8042333043139884,0.7289134830431077
1.225,1.9017396099478254,2.029906968954936
1.099,1.7146506689906063,1.5766665546062193
1.964,1.5327346941428033,1.8210700690690218
0.681,1.3466310800635681,0.8476212667918417
3.049,2.8022873211386536,2.6649611580369488
1.593,2.9852296781510232,2.0904293821691393
4.213,2.0875968923075647,2.5404365062134486
4.0,2.0934677982888865,3.1268051487686384
1.381,1.5329810258622993,1.2856928622245065
2.123,2.0907581493744303,2.1644117158676788
1.144,1.8692238229743523,2.2820641475393617
3.167,3.5801207807338864,4.118843977879731
0.963,1.221494566559595,1.3077253139177698
1.118,1.1142581580056659,1.1435439959786848
1.781,1.2530660819416672,1.6549600457823932
2.819,2.1283647918841546,2.3356080672117114
0.983,1.3151827305412445,0.9175162904519468
2.793,2.3174243865973416,2.4523730486406627
2.664,2.137807507798168,2.542758462836864
2.738,2.4335697923397097,2.228069782915302
3.346,3.3906916884414553,3.2567298765418244
2.278,1.2204681843950287,1.4895446737320608
1.708,1.7949137542597229,1.6557623218085409
1.842,1.7561165084391013,1.2290000607932061
2.449,2.2404457242548386,2.2370590448697207
1.252,2.196680788757714,1.2527509447391605
2.647,1.8927074468996385,2.744203953219574
2.628,1.6668623154083804,2.1491421246695923
2.371,2.5420378594911197,1.4683079054994368
0.822,1.1199648428406568,0.1759242988064249
1.667,2.1536137931324952,2.7470635875851843
0.825,1.6413669824405435,0.9895936041367641
0.896,1.798731895911911,1.1395755580464302
0.948,1.461380606062126,1.2264427481730777
1.018,2.1007345840140186,1.8185623810080007
2.75,1.547637763172312,1.8702883866463949
2.25,1.2555293991366272,1.6150646519488938
1.831,1.4015630535111783,1.6105717168266445
1.188,1.5202538870216722,0.654825165915915
1.608,1.2549956804110525,1.2456877507107795
2.09,1.9514986172860194,2.434770774357668
4.05,2.925617402032989,3.3281926884906894
3.186,2.0023661173619454,2.506946058723667
1.763,2.1153502660374484,1.7406959719980621
1.745,1.764943395054375,1.930396602967212
0.695,1.0301769310843611,0.7586389750190441
0.859,1.1165572540542952,1.0792416838912482
1.33,1.1678763622826305,0.9342014871968128
0.742,1.4449995467156413,1.1879917826095188
4.043,3.2712618597724727,3.3207755165095305
0.366,0.7999388839287576,0.5452276585496356
0.729,1.5198433341558455,1.149882853599728
1.173,2.2746447779782013,0.8108945213000287
0.949,1.5031748878032822,1.313988425374585
1.413,1.7197004692402744,1.7713494310243239
2.589,2.1598131414064783,2.7171199365178955
2.147,1.727952581843391,1.607303628681416
0.67,1.3056989593406478,1.1579063234224325
2.75,1.6820527714439677,2.4878430863482897
3.151,2.9438870045622765,2.931790831458291
1.288,1.0297663782185347,1.477994767153172
3.16,3.4324449148960285,3.2670360372194933
0.722,1.376847770988412,0.5759832874577917
0.487,1.1915652626408302,0.5412035204382433
1.557,1.902930213258723,2.5132808306391476
1.952,2.519826949449896,2.3551820091015614
2.64,2.406473303195149,2.187340496818698
2.5,1.4526358300200175,2.477035851902347
1.469,1.130680272638733,1.0153534390664603
2.815,2.8048738041933614,3.084307377756742
1.688,2.387669981940287,2.4303058430833087
2.173,1.6660001543901446,2.62069890204861
1.134,1.6491674868912505,0.8559757492030342
0.942,1.4596562840256537,0.22236838480579135
2.083,1.7871132498090159,1.304643755766217
3.036,2.678628797951657,3.0873248501361044
2.738,2.3899690779889164,2.0666930152735414
0.878,1.5989568714006472,1.0640990164544508
2.29,2.4781968888550705,2.378653178515574
2.586,2.9260279548988155,2.903146026976528
1.085,1.9135635324836342,0.8719575874259176
0.882,1.8518984920364663,1.1877690790065425
0.508,1.332672282625461,0.7870843366654505
2.538,2.0736791501560403,2.7870844869454703
1.173,1.6673960341339553,1.4516492002722823
2.414,1.997111040679364,2.1840544016291057
1.768,1.7477822852628195,1.500580215652306
1.938,1.6449798476598183,1.8612306779083407
1.769,1.9721904817236844,2.293780622766503
2.221,1.837077533580123,2.239355244810153
3.502,3.3297245878661927,3.0011284709480517
1.93,2.3337643906572434,2.5561259044233537
4.5,1.1291201717485917,1.7693458053699038
1.768,1.5745289758839596,1.4277622702383796
0.932,1.2591012090693194,0.8296914357039606
1.161,1.361616259666242,1.2833392590560433
3.353,2.4321328573093166,3.1738843785377253
1.625,1.399099736316218,2.1052671354202617
3.338,3.005962597875271,3.340262542962143
2.481,1.922842027251317,2.1671966577754347
0.5,0.8557740736811865,0.7048385903506058
3.25,3.3271381048114845,2.6086241012830316
1.682,1.5123712719977997,2.0426754187572445
0.513,1.1969435051831596,0.7157104539502339
0.943,1.2739221675256625,1.4916813325950973
0.912,1.6680118634326953,1.3034486732141184
2.268,2.0877200581673128,2.5105774346321743
0.903,0.9947872740501011,1.348652691196631
2.95,2.470067942111702,2.5538689141227766
1.286,1.733495045532051,0.8455141735915297
1.14,1.4193399926014736,1.1454032503002167
0.75,1.4268941653326845,1.0443116125211325
4.167,1.9496511293897993,2.7364376641011963
1.605,2.126640469847682,1.984357169437154
2.631,3.2460539138107145,2.4832138198869043
1.546,1.7956938047047935,2.124089532508302
0.8,1.6118071761010224,1.8376591357707126
1.568,1.8745199549435163,1.6758094576640823
1.042,0.9904764689589209,1.1230349921763918
1.595,2.014929035056242,1.6394834315498743
3.347,1.8651593496026682,2.53611694663949
0.92,1.2422685415704255,0.8945531697251745
2.271,1.4945943329075044,2.7453197419588657
0.845,1.6212088367284534,0.9413443756693323
0.897,1.7897818434368893,1.9388724742806596
0.598,1.2557757308561233,0.34801382995013364
1.716,1.2807784003849685,1.58570931274376
1.663,2.277518648038988,2.094224173026827
2.718,2.13460519544472,2.5283115391187394
4.345,3.4977638758490537,4.002165193954325
2.195,2.1185525783908967,2.5216972885139857
2.349,2.4724080934469144,2.549297927976162
2.417,2.875571007688716,2.743255822044473
2.353,1.7284863005689655,1.937245617148541
1.542,1.7167034333197397,2.0906267471538693
1.764,2.1201537345676207,2.3348025850010536
0.735,1.0647865376735508,0.9231481381806843
3.106,2.168598972735169,2.245633360624953
2.639,1.6466220591231249,2.169292099983451
4.239,3.6153872719083986,3.960272397661627
1.396,1.1869670705435713,1.151412971102746
2.406,2.0873916158746515,2.5337190845360746
2.54,2.544624342545828,2.2359611216795012
1.707,1.6227689376185948,1.1554124566764554
1.717,3.3832606815699924,2.8733321639144154
0.732,1.003244663086131,0.9292694962714382
0.63,1.2256411505044449,0.4355303182683825
2.337,2.169871686619232,2.119261542341636
3.355,2.9419984613794736,2.8845060157581077
1.313,1.3013060436763024,1.6207940877102593
2.467,1.6502759796289825,2.1416849195348524
0.556,1.663577892481767,0.8674289904753381
1.182,1.3790237011772934,2.0635183427518027
2.237,2.443587282265881,2.3792560543054417
2.022,1.7978286796070921,2.1420145264589507
0.704,1.2557757308561233,0.761971715536574
1.588,2.523152427663092,2.020839134459476
1.573,1.809118883417326,1.6056689075847665
2.489,2.6833912111952465,2.3244446040681406
1.239,1.2000637069634426,1.5828838666218914
2.976,2.8169030031620834,2.3285704321405003
1.958,1.2070020503959134,2.1930393097958567
3.36,2.2968967433060077,2.6556857459945062
2.418,1.7613305298351003,2.4972300683416218
2.44,1.8457812543356487,2.5895024499536845
0.579,0.8964188073980279,0.3787376472143904
2.454,2.7044525732121554,2.8486379337510224
2.427,2.291764832483174,2.363457566338179
0.922,1.4865474967373014,0.9105801975640841
2.319,2.149795651480307,2.3805137892068635
2.563,2.9288197143864374,3.210582822826469
2.833,1.9242379069951276,2.679124307342738
1.845,2.2904921185991114,1.9879198902616333
1.672,1.6017486308882687,1.7683905900632888
1.885,1.3818565159514975,1.086111060944191
1.547,1.2789719677753308,1.580537140644509
1.801,1.9000152879113534,2.3623793717714223
1.257,1.3680208843731383,0.826008035730561
2.006,2.7124583540957756,2.4435472964289904
1.625,1.5861476219868547,1.4902931309770229
3.531,1.8928716680459692,2.607306607603707
0.652,1.0275904480296534,0.4964368778698045
1.417,1.1085925284572578,1.604160574262712
1.075,1.3936804384873058,1.0305893613108847
1.96,2.092687747843816,1.885163500604039
1.575,1.0702468907890454,1.5209631683001594
2.86,2.8547970326778866,2.319432165423007
1.869,2.388162645379279,2.36199787529763
1.509,1.8292359738428334,1.280131752472951
1.842,2.266105278369006,2.169997248273336
0.936,2.3933766667752776,1.509290432340726
2.103,1.8699217628462577,2.059759406790751
0.588,1.1236187633465142,0.263257061007073
3.204,3.526297300024008,3.048837426834346
2.685,2.508331469206749,2.848057851786169
3.316,2.6473857248622465,2.916410526133358
1.595,2.028764666634601,1.5778361810445212
3.547,2.6815026680124436,2.8082998844836244
3.821,2.236175974450241,2.5551597786194784
0.995,1.8139634072340807,1.697261222195631
1.569,1.9739969143333216,2.0393752628636994
1.4,1.3336165542168623,1.9793872765309224
1.576,1.8434821582870193,1.7179180056664343
2.543,1.7627674648654936,2.4694635834824994
4.409,2.6281718507415572,3.4100660025580076
1.271,1.1712839510689919,1.409964635751451
3.94,1.8829362886929635,2.506169765722134
2.55,1.403944260132973,2.0545895898494537
3.23,3.0869646783028752,3.1345139426741535
2.07,2.513668656462496,2.1331845216515806
2.167,2.89285528334002,2.690090001405733
1.405,1.725817706941092,2.043064959702753
1.722,1.9282613250802292,2.204639300338975
3.277,1.9507185668409486,2.8186032438219115
1.062,2.082547092057897,1.7963215437879825
1.71,1.6949030761443429,1.8336554488323835
0.58,1.162744451459797,0.7865645927531846
3.141,1.870496536858415,2.6726108025296433
1.875,1.7102988086128434,2.826282175747644
1.224,1.8780096543030433,1.3015198713419447
1.018,1.2596759830814768,1.0626580459048451
1.174,2.049415475785683,2.323023816397794
0.627,1.7044279026315219,0.8657697178257215
1.3,1.2473593971066763,1.2014723929970237
4.275,2.3003043320923693,2.937902645075405
3.819,3.17043007592544,2.9747856392471657
3.481,3.673603668282622,3.1742859365846585
2.043,1.8576051768714572,2.0841532338419024
1.5,2.2054666200864053,2.232510935796339
2.08,1.751436205768677,2.1303611944547276
2.317,2.6038260657980357,2.1361744957052844
2.544,1.7559522872927706,2.200359920845399
2.633,2.740622280691486,2.8462186834978453
2.803,3.6740552764350314,3.192639423607625
2.235,2.6787519638114046,2.78429500808069
1.998,2.5801371654398357,2.347552337065077
2.839,3.001980235076752,3.268148053126367
3.559,2.5885124439027,3.233200646501907
1.465,1.5788808362617224,1.9699991571782878
0.75,1.3818565159514975,1.559517735135353
2.415,1.794626367253644,2.2832276309901256
0.783,1.4782132735610198,0.9067358449652301
2.323,2.0043778264044962,2.5448872497909925
3.169,2.725267603509568,2.77539994267542
1.184,1.9004668960637627,1.8884148244426429
2.228,2.325963886206537,2.259002015582465
3.5,1.4691400552262504,1.6943394660989275
2.041,2.418707778596784,2.246286566778035
4.125,2.1435552479197417,3.230993095538662
2.991,2.2184400906465283,2.881407302876485
1.675,2.5667531420138863,2.3079032665389927
1.744,2.229894515603093,2.499073024891749
2.365,2.8849726683161476,2.5286069697050193
2.729,1.4771868913964532,2.409687914109435
1.517,1.8298928584281562,1.3332005177953725
1.813,2.3972358637140485,2.4991231801927976
1.125,1.3785310377383013,1.0418728598407054
0.836,1.6702288489081594,1.230151116319448
1.603,2.283225332873979,1.5359090329782032
2.811,2.8074602872480696,3.512122282921385
3.4,2.3599987187835687,2.96189783876228
1.346,2.362338870118781,1.8200339468520224
0.771,1.4415919579292797,0.9321418588437616
0.394,1.0520593988329234,1.0214357707720207
1.44,1.4670051803239514,1.2036609080485383
2.375,1.9372524328418335,2.742607672431215
2.683,2.6842123169269,2.9051609583285734
2.28,1.8042333043139884,2.112493590165568
1.797,2.2101058674702467,1.8970605022866527
0.956,1.8824436252539716,1.5909912427503343
2.107,2.38356445328202,2.312336695765828
1.955,1.7373952977574045,1.798463888579849
1.943,2.038700045987607,2.072088811963688
2.675,2.510261067676134,2.9217416148592505
1.188,1.2673533216724358,1.6481874726810888
3.273,1.5853265162552015,2.4008388543190637
3.49,3.1185772489715298,2.790916059688275
1.136,1.7015950878573178,1.1285356630406098
1.302,1.8270600436539521,2.143596819733029
1.841,1.6118071761010224,1.7597027576624784
1.125,1.0743524194473122,0.7889321774809948
2.757,2.00950973722733,2.4551665209409697
3.871,2.328509313974662,2.7634822677911126
2.304,1.3469595223562294,1.7711330866023638
3.815,2.097491216373988,2.889856708889811
2.157,2.097491216373988,2.0836973916472585
2.71,1.6308157737887976,2.2016894803086062
4.107,2.513791822322244,2.800910902314625
2.977,2.68852312201808,3.096788777181461
4.468,2.5048007145606395,2.8625527616962927
2.486,2.7783110337743757,2.219278348575556
1.152,1.316701776144803,1.622011546342776
3.058,1.8592063330481814,2.1886825826867975
1.938,1.328689919826942,1.5625580800622232
2.921,1.8073945613808537,2.1326383765837
2.629,1.6679708081461124,2.1473418008627085
3.206,1.4866296073104668,2.526659868953063
1.802,1.758497715060896,1.8609518416617674
0.775,0.9539372639003464,0.9508836353518538
1.88,2.2857297053555214,2.4254584336993443
2.294,2.074992919326686,2.0126713809824492
2.46,2.5532048974416055,2.5802344863527686
1.678,1.5528928398548933,2.160952011591439
1.495,1.7448263046288677,0.8723248317393839
2.254,2.40294254854904,2.6415632213622953
1.35,2.046336329291983,2.122985855598382
3.556,3.4346619003714927,3.2945776820286867
2.099,2.5984888785422884,2.9363635940884834
2.527,1.8629013088406214,1.924387514556528
1.203,1.1990783800854583,1.5130183988662698
0.99,1.1022700143235267,1.2148612776084438
2.307,2.0544242207487686,2.1622123001820364
1.587,1.962460378803592,2.060808039700112
1.583,1.7208500172645893,1.5334494568031367
2.978,1.9774455584062658,2.387910390397593
1.567,1.4877791553347817,1.3920140929642366
0.967,1.6935071964005322,1.7446025457580339
0.93,1.338707409753113,1.2426215820789235
0.975,0.8746595055092137,1.4647212852485354
2.387,2.4533994957591387,3.003640961828487
1.05,1.1259178593951438,0.7162797029762769
1.25,1.300115440365405,1.2726744881685133
3.686,3.174987212736116,3.5882760307888293
2.575,2.1602236942723048,2.4531517804395335
2.145,1.2675175428187664,1.6025408042979978
0.861,1.015109640908522,0.9777791012713809
1.743,1.1944391327016168,0.9851545683862445
3.44,3.5009661882025016,3.4142985546206237
1.528,1.6745807092859222,1.2995502330119297
1.264,2.003803052392339,1.659442211920195
2.833,1.7954474729852974,2.2767632362490544
1.644,1.5023537820716286,1.2301122665255804
1.601,1.9698503303884722,1.7133104332265179
0.767,1.6887858384435253,1.2278935720692217
1.925,1.3689241006779571,2.320345204863566
2.997,2.6902063887679697,2.869861906375261
1.45,1.4877791553347817,1.3128146319089176
1.15,2.214786170140671,2.1530104876327028
0.533,1.0969328270677798,0.9633044272636397
1.932,1.4923773474320405,2.051763207449801
4.391,3.1253103159710878,3.6046846731417506
2.614,1.9911990794114596,2.61948511344547
1.148,1.3543084186545271,2.28258136310728
0.756,1.3854693811707723,1.0489258862075488
0.992,1.3274993165160447,1.197757242128794
1.618,1.1556008315944126,1.629690172316621
2.821,2.185472695520646,2.475843128816443
0.887,1.351968267319315,1.7201306011849646
1.357,1.906871520770659,1.9536482320591015
2.318,2.3302746912977166,2.6790402824159556
2.348,1.6198129569846427,2.291615154095158
1.865,1.5948102874557977,2.242449505538554
1.011,1.4216801439366857,1.5980026600642772
2.402,2.848063965678329,2.851733551921277
2.742,2.6972268427736052,2.449783428112241
2.153,1.9667301286081893,2.548178699243202
1.223,1.2099169757432828,1.908371979947539
1.434,1.6588154792381775,1.575887074940548
0.544,1.2533945242343285,0.4275158215793331
0.929,1.8059986816370432,0.7876230136354214
4.054,2.5013931257742783,3.4112454019130483
0.985,1.5097026783699263,0.9852898049343791
1.227,2.001627122203457,1.2395471980584787
0.551,1.1426684163208722,1.0402868460519035
0.658,1.2372187413207572,0.6355455230494982
0.579,1.148908819881438,0.8998237228010804
1.806,2.2599469853816063,2.001158916397696
1.125,1.252983971368502,1.3449568277395154
0.672,1.3228190138456206,0.8647155532829789
0.931,2.2019769207268785,1.5732743220760335
0.455,0.9782419935572858,0.4520165680561239
3.326,1.9142204170689567,2.657142258222009
2.753,2.686018749536537,1.9210305875405118
2.494,2.583914251805441,1.9085217033467357
0.923,1.1165572540542952,0.334021751930754
1.639,1.7587851020669747,2.413165058394906
3.588,2.831723961618427,3.1633682390567746
1.66,2.194258526849337,2.254659685981549
1.502,1.7189204187952036,1.4679323956618742
4.205,2.849049292556313,2.762722147727801
1.233,2.0581191965412087,1.4499629578312188
3.096,1.7577997751889907,2.50072797427642
1.248,1.8664320634867309,1.1038331472416711
2.607,1.4129353678945773,1.7020316128885178
2.227,1.7726617889319165,2.701325952482004
0.889,0.8042496890199378,-0.055316204210994036
0.955,0.818947481616533,0.7599922299799655
0.906,1.2132835092430616,1.442679559416918
0.584,1.3127604686328669,0.9775620065381675
1.36,2.0027766702277723,1.759212237202808
2.095,2.545856001143308,2.8202515669336203
3.667,3.433922905213005,3.006786392224807
0.813,1.480922922475476,0.4437281253097316
2.364,2.00950973722733,2.1732704003498977
2.219,2.776011937725746,2.861863273870877
2.167,1.9889820939359957,1.796308860652475
1.135,1.731524391776083,0.7666027907720623
2.0,2.4393175324612835,2.243292028626227
2.708,2.17245816967394,2.9934830838531177
1.286,1.5569573132265775,1.7911580463921002
0.946,1.6563111067566347,1.624471784816176
1.202,1.2910422220306352,1.2605910887689182
1.594,1.6170622527836038,1.4946822178359205
2.667,3.227086371409522,2.9352845097052827
1.598,1.507403582321297,1.4288960644656676
1.063,1.1553544998749166,1.8884556107220696
1.127,1.972847366309007,1.2425319565867703
1.0,1.054974324180293,1.173588758307472
2.213,2.784551437334941,1.82696690153821
0.949,1.7300053461725242,1.141429403510701
1.904,1.9581906289989943,1.7145591080732903
0.669,1.20433345676804,0.9462384903442409
2.652,1.7294716274469495,2.4044935453842173
0.764,1.1755947561601723,0.1536034956398029
0.7,1.130228664486324,-0.6048975225433066
0.745,1.128216955443773,0.7878615960103905
3.296,1.5973557152239233,2.3407856648587493
1.875,1.687595235132628,1.5732053541673405
1.537,1.6183349666676667,2.0475955761592353
1.582,2.0390284882802683,2.1182073912530583
2.921,2.5135865458893303,2.62022610180898
4.585,2.0779488999606377,2.667980398368976
0.968,2.096957497648413,1.6658556442571677
4.367,2.5335394151685073,2.3297613067461995
0.858,1.4227886366744178,1.6559263825197652
0.695,1.0429861804981537,0.6798743613587672
2.0,2.0009702376181346,2.4097257516805297
1.188,1.3060274016333093,1.0510816750796166
1.038,1.4114573775776011,0.7495375745274955
1.96,1.4287827085154874,1.6358128003183494
0.976,2.2429090414497987,1.9029926841290077
2.348,2.708640212443587,2.34108552103681
1.738,2.323131071432332,2.1336975107075005
0.575,1.1268210756999624,1.0409302499298478
3.417,2.06936834506486,2.5263530796627904
2.012,1.7254071540752653,2.2180682664420726
0.992,1.9127834820385634,1.2412729557640265
1.927,2.022360041927705,1.996955185516124
2.019,2.0834092530761326,1.9281220924878781
1.438,1.6900585523275882,1.5691702064969655
1.425,2.371453143740133,1.9280568572166024
1.917,1.6534782919824307,1.8198522167752071
1.661,0.96337997981436,1.2687355332412524
1.58,1.8658162341879907,1.810905119505384
0.733,1.156832490191893,0.9230548713858726
1.712,1.9245252940012065,1.5586066291411904
2.42,2.268281208557888,2.7200828218642013
1.777,1.362108923105234,1.376890079578425
0.59,1.0456547741260271,1.0226403257542964
1.53,1.5290807736369458,1.326145698068192
1.328,1.3423613302589708,1.5293645370958537
1.775,1.4731634733113517,1.8090357947262607
1.2,1.5425058523494783,1.9167151622171728
1.471,2.0308995415369,1.8605886566974945
1.081,1.332672282625461,1.0997563800434056
2.102,2.040301202164331,2.028341447173981
0.718,1.8018931529787763,1.3622403453591128
3.118,2.7551558521417507,2.7542865830909076
1.846,1.8115822006122861,1.9747460736620592
0.417,0.9001137831904682,0.060563088792480624
2.521,1.7134190103931262,1.9875257306686605
1.462,1.403944260132973,1.5082933741484719
3.044,2.907429910076867,2.9806738435280464
2.076,1.9883662646372555,2.4010166504688026
0.857,1.1370848973456293,1.363491071250238
2.679,2.5380554966926008,1.803455981443789
1.306,2.57512842047675,2.2338675625566977
4.438,2.864362914451648,3.221411434447581
1.891,3.1136916698681922,3.054816856800638
1.171,1.2568431683072727,1.7977672109775074
1.75,1.121032280291806,1.2123876473374235
0.56,1.2591833196424849,0.5793112666264626
0.606,1.2177174801939898,0.6783973154144891
0.899,1.8571535687190477,1.5026892366111901
1.894,1.67593553374315,1.7931069132852828
3.45,3.178846409674887,3.100139333195661
1.419,1.8127728039231834,2.1012869694996663
1.056,1.745154746921529,1.2871593305173035
1.637,1.4552633683613083,1.1061592949015182
0.583,1.0222122054873235,0.7169683239700082
2.596,2.783812442176453,2.8560990224956964
3.252,2.4298337612606873,2.350054389891628
1.567,1.5410278620325024,1.3956231501323473
2.583,1.6620999021647909,1.9778436750102926
2.672,3.6222024494811214,2.9181054664155806
0.494,1.1157772036092246,0.5520447062872864
3.322,3.2305760707690485,2.672225985853876
3.218,2.096218502489925,2.433446452499818
1.417,1.5732973172864795,2.0501870317368844
1.292,1.3006491590909797,0.8573474251697366
3.361,3.201549983155102,3.222046056143972
1.873,2.0197735588729966,2.182462670480265
0.881,1.1300233880534103,1.3481760886422323
2.616,2.4672761826240808,2.748650574578256
2.647,1.9641025902668987,1.6062021331893943
4.0,2.442519844814732,2.819130611072934
3.056,1.8931179997654652,2.039407613366568
1.5,1.5227993147897974,1.672591284389492
2.56,1.652205578098368,2.1739720107912297
0.547,1.2839807127384164,0.9068576219939462
1.343,2.0034746100996776,1.3372265579435996
0.731,1.0273851715967397,0.10653659144275451
3.759,2.887559151370856,3.007230820143964
4.5,1.3383379121738692,1.8257137310085392
1.125,1.3324670061925477,1.735212319211076
0.14999,2.14014765913338,2.618137888252933
2.078,1.7735650052367353,2.2867401591048244
3.874,3.603234907079929,3.0513351453890234
3.159,2.9342390122153494,2.946677607960842
0.883,1.3038925267310104,0.6769484004897264
3.857,2.327688208243009,2.4488666154021423
1.475,1.915780517959098,1.2545559762224217
1.896,2.1710622899301293,2.3939168306534837
1.208,1.5946871215960496,1.5990580495640918
3.426,2.690411665200883,2.832474846853728
1.087,2.29755362789133,1.3595121487680526
2.541,2.9127260420460312,2.423987671805936
2.293,1.5134387094489492,2.2168355369131953
1.954,2.48295930209866,2.060231397589607
1.156,1.6429270833306848,1.372292608206082
4.392,2.5366185616622072,3.1337931639792203
2.265,2.1447869065172216,2.228095805839643
0.889,1.4165071778272695,1.0340464266005203
2.817,1.8247609476053226,2.118058385130753
1.464,1.8922147834606466,1.1420221304205946
3.599,2.3858635493306495,3.0425264551322813
3.477,2.3926787269033727,1.7558826767541864
2.75,0.9809105871851591,1.1018526984603914
2.912,1.7109146379115834,1.9706551697153472
1.375,1.0882291063122542,1.1901133038535714
4.099,3.6954040254580187,3.6953473496047975
0.815,1.304220969023672,0.15123083713851315
1.475,1.8177404935996864,1.615514034372742
1.952,1.6019949626077645,2.272960575511229
2.768,2.676658144195689,2.431408516159678
1.426,1.4347357250699742,1.3659278308350984
2.806,1.569027567481882,2.4495100752448744
1.51,1.6813548315720623,2.002649092019983
2.227,2.1407634884321203,2.3004553339671485
0.811,1.4010293347856035,0.9065552901950096
0.952,2.203783353336516,2.184115988357042
2.052,2.2194664728110953,2.351293648830244
2.402,1.7262693150935013,2.181797567946548
1.397,1.9870524954666102,1.0511759896174682
0.967,1.8709481450108243,1.3351564358150567
0.924,1.473491915604013,1.3420374388711918
2.605,2.8430552207152435,2.5308239254977414
1.714,1.9171353424163262,2.130824429773663
1.25,0.9814032506241513,-0.022342696957843966
2.962,3.0363435099464455,2.919796889493033
0.694,1.2287202969981448,1.125085046902925
3.561,2.4926894050187522,3.308850865670533
0.888,1.5174621275340507,1.729156053182353
2.639,1.8362974831350525,2.0679354925206375
2.262,1.3487659549658668,2.254730402341882
3.629,3.3644984156017124,3.7214215015394445
1.591,2.7112266954982953,1.8036517225946025
1.289,2.194833300861494,1.8106308057749558
1.667,1.386618929195087,1.0537075992304916
1.079,1.4601900027512285,1.7310558771867477
0.465,0.9920365698490625,0.18266114949429868
2.861,2.7990028982120405,2.732391437978345
1.567,2.505827096725206,2.4622566551814185
2.967,2.506730313030025,2.664389067437227
1.539,1.8520216578962143,1.7665126851854307
0.833,1.2758928212816307,1.5512404434388651
2.154,2.3379520298886756,2.361087567060583
3.632,2.1372327337860106,2.7898448172546546
1.917,2.4917861887139336,2.106313190588872
0.692,1.4883128740603564,1.2371474800828866
2.01,1.7907261150282905,2.0652236887156543
1.539,2.5484835394845984,1.701082664505237
0.624,1.2264212009495155,0.44929561193839485
1.268,1.4321902973018488,1.1630183362878868
1.228,1.3765603839823333,1.3012759713595083
1.626,1.9787182722903285,2.1452510958577795
3.808,2.9715172124324125,3.3237175371186707
2.724,1.7568555035975892,2.112004106328001
2.246,2.098230211532476,2.6668535852298163
3.067,3.558772031710899,3.269711785317293
1.543,2.137396954932341,1.9266249454281454
2.185,2.3955115416775765,2.231796692766728
0.425,0.9318084644322882,0.48734466801682697
1.952,1.7928199346440066,2.3488123782127075
3.308,2.674564324579973,2.9847170105379504
4.398,3.0996918171435026,3.1649352742434846
2.082,1.6589797003845081,1.9040626604201054
1.25,1.2424327627167562,0.6523957238266243
0.822,1.5618018370433324,1.1145091726284952
1.644,2.0968753870752477,2.0663561242474557
1.122,1.4029999885415716,1.6913023236981215
0.956,1.9197218254710342,1.26649016775282
1.941,3.6107069692379743,2.9384188050279123
1.468,1.3910939554325978,1.6466588967635194
1.317,1.5435732898006278,1.7976170969190204
1.363,1.8408956752323113,2.04387478568218
1.08,1.4429057270999253,1.4420641603232933
2.32,2.9019695569613724,2.599013092501861
2.107,2.105291720824695,2.2683226386185664
1.357,0.9574680185464557,0.13482305904991954
1.588,1.45990261574515,1.9272254460050897
0.946,0.9741364648990191,0.6787871081767369
1.438,1.8512826627377261,1.1885151557951135
2.854,2.1737308835580027,2.2088098901347193
1.982,2.505827096725206,2.520869928631179
1.998,2.2074372738423733,2.406180528147366
2.882,2.0454331129871646,2.536959125518619
1.269,1.9689881693702362,1.9652562946636323
2.26,1.898332021161464,2.2298259458171974
1.32,1.3267603213575567,1.927636940435555
0.611,1.020693159883765,0.9196343372434446
3.459,3.2612033145597192,3.590239523217799
2.253,2.519457451870652,2.500817287604522
2.563,1.5308872062465833,2.1142838667629444
1.823,1.5175852933937988,2.389679724377761
1.487,1.868402717242699,1.8939805056255263
1.069,1.513069211869705,1.432962448724345
2.091,1.5413973596117463,1.8905415927267604
3.325,3.1377090125190534,3.0617322412843038
0.946,1.9883662646372555,1.5712974746879829
2.084,2.0702715613696787,2.3013557204010606
1.865,1.7415008264156713,2.021454341367181
1.563,1.6564342726163828,1.4879820508156243
1.478,1.8106379290208847,2.1242307438500494
0.47,0.9464652017423006,0.38546244378540373
2.667,1.4737793026100916,2.0466134798160613
1.393,1.5336379104476219,1.6241437657761029
1.433,2.3790073164713443,1.951353778252176
2.203,1.8133065226487581,2.109108685471882
1.862,1.9190238855991288,1.863233235846086
0.913,1.6649327169389951,0.9676446501686181
1.662,1.5492799746356187,1.4397339668173248
2.58,2.177138472344364,2.2531979005253806
2.942,3.4295710448352414,3.1647648181354127
2.5,1.1428736927537857,1.6230044502589762
1.75,2.5455275588506465,2.9929218454916366
2.0,1.3651880695989342,1.4745852079542061
1.183,1.4311228598506995,0.9709107115855538
1.583,1.1355658517420706,0.8158922749263926
2.18,1.4602721133243939,2.392006073559173
0.929,1.7917114419062747,1.2845674865867243
4.116,2.9356759472457425,3.331089601913474
2.143,1.5681654064636459,1.8376883435082831
4.083,1.8083388329722552,2.8329811590868874
0.736,1.898332021161464,1.2856554688236668
3.462,1.6326632616850179,1.5434579291462918
1.135,1.872097693035139,1.737555194989666
1.247,1.1618412351549785,1.1844928493491307
3.359,2.6398315521310356,3.1218624744615076
2.441,2.475158797647953,1.9563883696826927
1.695,2.3485032385404216,2.0168613113808673
1.231,1.5440659532396197,0.9275807392578203
3.1,1.9479268073533273,2.3428422834785616
0.949,1.5243183603933563,1.4505640278839684
2.963,1.992389682722357,2.364691588741343
3.417,1.6268744662768617,2.6501771510690615
3.674,2.304615137183549,2.5408870347511816
2.438,2.021333659763138,2.6023130739358846
1.384,0.9235974071157544,0.911693038992321
1.015,1.2243273813337994,1.4842269442997327
0.573,1.0773494553678473,0.9068311643667881
1.367,1.6754428703041582,2.047562224039347
0.784,1.2216177324193431,0.8670340165068402
1.775,1.4378969821368397,1.8736136140791868
0.901,1.0558364851985287,1.1153800628685366
0.832,2.1634670619123355,1.2340075165391822
1.604,1.906871520770659,1.550833930355016
1.519,2.3397174072117304,2.030273505691458
1.689,2.2674190475396516,2.1514572145708137
4.536,2.95640886696999,2.8257104646066065
0.918,2.1231507704881554,1.1793605169752543
2.447,2.0637437708030344,2.2951517622871505
1.674,2.5555861040634,1.5870992980779133
1.434,2.398056969445702,1.5405661804954482
2.295,2.366403343490465,2.5079015557413458
2.66,2.9436817281293632,2.5352020636530703
3.243,2.105291720824695,2.6643296277927107
1.803,2.0371399450974654,2.789809096571771
2.625,2.524014588681328,2.8097911793217456
2.19,2.378063044879943,2.5643210626424016
0.798,1.173008273105464,0.3360299261009452
2.477,1.5482535924710519,2.4238568984051536
3.137,2.60251229662739,2.986866779883167
2.865,1.9255516761657732,2.0229153409848997
2.242,2.4132063701947066,2.568366000568567
1.917,1.3819386265246627,1.4982285308174608
1.161,0.7850768701858317,0.007375343063911632
1.305,1.917792227001649,1.305888492877238
1.793,1.878543373028618,2.5854206300077687
4.022,2.643321251490562,2.54894403337413
2.433,2.0748286981803545,2.627449514154266
0.625,0.8992516221722322,0.5919047662984827
1.242,2.1684347515888387,2.7013243235776208
1.643,2.3357350444132114,2.5251209331346294
3.542,2.4713817112823477,2.4747042608576297
1.192,1.77286706536483,1.5172788098307088
0.953,1.236151303869608,0.8546920275886707
1.878,1.5584353035435536,2.002823015686571
1.507,2.1451564040964657,1.8101624656257216
0.986,1.3975396354260767,1.4615975514965889
1.813,1.906871520770659,2.226284536573528
1.694,1.4300143671129673,1.8084808209804908
2.578,2.486407946171604,2.1020509530789546
1.86,1.5818368168956745,1.7795666652581803
1.287,1.6802052835477477,1.8141236212534575
1.081,2.143391026773411,1.4490154841708236
0.819,1.4426593953804292,0.7660700341967748
3.288,1.5181190121193735,2.2756551227024593
3.588,3.1267883062880637,3.0273475590712846
1.207,1.2758107107084653,1.3815318016837026
1.076,1.5193917260034362,1.5107235922745064
3.953,2.7936657109562932,3.1477842936055827
3.25,1.761453695694848,2.167430806912885
0.632,1.3731527951959719,1.2307571722704294
2.65,2.4831645785315732,2.1217713437285246
1.869,2.651244921801017,2.8116150964089908
2.61,2.0659607562784985,2.9633446845990346
2.362,2.0847640775333605,2.2918618952728047
0.567,1.0686457346123213,0.48534961852336633
4.5,3.002883451381571,3.356237104150991
1.872,2.2079299372813654,1.9113474000931294
1.445,1.8463970836343888,1.7484733067144076
2.054,1.7139116738321183,2.3988153639915497
0.483,1.0476254278819952,0.5520236331406625
2.293,2.8304923030209466,2.3822672769856674
2.613,2.16814736458276,2.6563500465934213
2.8,1.9034639319842976,2.564197953040223
0.894,1.7396122832328687,1.179271412985792
0.69,0.9694561622285949,0.27531457488344513
2.978,2.3907491284339875,3.0101838872137394
1.035,1.626956576850027,1.9220203691016788
0.705,1.8014004895397844,1.0569487571511482
1.578,1.7707732457491137,2.17101288764927
1.941,1.3978270224321554,1.7148837344411658
3.217,2.8554949725497916,2.771094651037406
2.361,1.463228093958346,2.1256903288883167
0.816,1.1986678272196318,0.20784455345148567
1.067,1.485233727566656,1.2660926607371557
2.386,1.856989347572717,2.158524191040756
1.694,2.256498341308662,1.4290864393256828
1.555,1.2890715682746672,1.9019417720730936
1.185,2.6540366812886385,2.1006963056828094
2.688,1.412606925601916,1.1549869526482441
1.875,2.367265504508701,2.2895182286625175
2.038,1.4598615604585672,2.1450956291062
2.202,2.5314455955527913,2.556345761016403
2.504,2.060828845455665,2.271507220715449
1.135,1.4005366713466116,1.2455810870741837
3.295,2.7621763061473867,2.7225762146844685
2.273,2.851758941470769,2.9230585415451857
1.422,2.344685096888233,1.31399919850157
1.036,1.4606826661902206,1.6931825985493667
1.406,1.2122160717919122,0.8970157011019149
2.281,1.5877898334501614,2.0982126759730177
1.625,2.1148576025984562,1.6994771055347482
2.674,2.8071318449554084,2.8919792301204588
0.567,1.0410155267421857,0.1147047251655553
1.981,1.464459752555826,1.2923313226687436
1.619,2.3687434948256767,2.148129625172235
1.388,1.84303055013461,1.2241997267847629
3.538,1.8314119040317147,2.810046027988784
2.177,2.3858635493306495,2.1991971990525
0.754,1.7156359958685903,2.046485988019095
1.983,1.8042333043139884,2.363757745120002
1.541,1.7015950878573178,1.4021237922790981
3.298,3.2196553645380592,2.998581373470766
1.097,1.5395498717155263,2.1645152779225065
1.307,1.4016451640843437,1.4042896535926301
1.996,1.6625104550306176,2.205508565909716
1.327,2.448554971942384,1.7149250493155666
1.846,2.3995349597626783,1.5748723966075615
0.987,1.8720566377485564,1.3252983627111947
1.23,1.4712338748419662,1.7913507241373143
0.683,2.204522348495004,1.966762607670574
1.623,2.291764832483174,2.4321176952011374
3.238,1.530189266374678,2.4909629458817624
2.545,2.2976767937510783,2.4425251757660877
1.958,1.906871520770659,2.114594895792943
3.328,2.1634670619123355,2.951534727539898
2.308,1.4657735217264714,2.0850224982497223
0.623,1.7486444462810555,1.0973393760323162
1.649,1.9484194707923193,1.8392636694931768
1.914,2.25662150716841,1.3120336528322607
1.919,1.7116946883566542,1.843113147768834
3.524,1.7486444462810555,2.376495269726751
2.734,1.7396533385194513,2.606293556562111
0.501,1.0717659363926042,0.43768626494570895
0.949,1.1910315439152555,1.1966932740662783
2.113,1.6028981789125833,2.3842109262488287
2.157,1.614681046161809,1.7846271977558665
1.163,1.7074659938386394,1.399242489431779
0.866,1.3007723249507275,1.3945835975081455
1.194,1.0982465962384251,1.0016475676713543
2.451,1.9220209215196637,2.6933127739403324
1.728,2.076388799070496,1.935064741172822
1.538,1.8135528543682542,1.6159538339762654
0.768,1.2485910557041562,0.5137317261122383
1.596,1.7529141960856531,2.1712219336525
1.375,1.3738096797812944,1.654001257952548
1.288,1.1036248387807546,1.1247913721973206
2.846,2.852826378921918,3.2103385930445985
2.417,1.9556041459442863,2.398489907340865
1.035,1.76317801773132,1.6326259790641586
1.385,1.3423613302589708,1.1993817843431238
1.346,2.012219386141786,1.691660958080506
1.713,2.0864883995698325,1.886213947141566
1.783,1.7670782699566736,2.3273567975495366
0.981,1.6063057676989447,0.9780373931686444
1.452,1.5933733524254043,1.332856802422716
0.55,1.2974468467375315,1.5956845272037614
2.396,2.3573301251556953,2.4353599600717044
1.375,1.192673755378562,1.059714727677267
2.446,2.3035887550189824,2.2095660883540136
2.538,2.757044395324553,2.686036886390637
3.639,2.495850662085618,2.9703901973361253
1.64,1.5989568714006472,2.0059479415571597
1.144,1.5675906324514886,1.420343836985082
2.205,1.7903155621624638,2.0287747027635477
2.75,1.9777329454123445,2.2260401254339643
2.748,2.9947545046382023,2.960199524193084
1.55,1.7323865527943192,1.3272462183995009
2.25,1.5166410218023973,1.3251995891981614
2.193,1.6844750333523453,2.4046961339450554
1.184,1.7506151000370238,1.1662579195996599
2.637,3.521658052640167,3.671846255310703
1.128,1.7261461492337535,1.564698665076842
1.06,1.6749091515785834,1.2343446809104122
1.138,1.3936804384873058,0.952120404330181
1.369,1.747494898256741,1.760135719655764
1.6,1.3178513241691179,1.8592097635991647
3.818,1.8586726143226067,2.294106139382876
1.438,1.3160448915594802,1.223332614777788
0.847,2.0336502457379386,1.1817462531945218
2.188,1.1900462170372714,1.4620613174230435
0.565,0.8538034199252185,0.3143246255114569
1.263,1.665671712097483,1.08926630635623
1.833,1.1829847077450524,1.6799656457003598
1.478,1.9717799288578577,2.037135103457778
1.301,2.0330344164391985,1.5028117246567736
2.356,2.0266297917323026,2.5097480247089226
2.428,1.9581906289989943,2.7360903971110133
0.941,1.6773724687735434,1.5561611816811323
1.987,2.022360041927705,2.498577808962069
1.957,2.404009986000189,2.6266031041339497
3.727,3.6366539103582207,3.7992000464979787
2.382,1.9948529999173172,2.4824665021839527
2.705,2.832586122636663,2.81131548764675
3.5,2.2726741242222332,3.0308455668837695
1.938,1.6683813610119391,2.178772851092399
0.975,1.4516505031420335,1.1645570445265072
1.516,1.975310683503967,2.344027684071824
0.535,1.2414884911253548,0.5700486953512494
2.899,2.5587473611302656,3.072083330652066
1.424,2.283225332873979,2.7609982803056647
0.776,1.4108004929922786,0.9200623335782943
2.207,2.3088848869881464,2.1705627843366004
1.941,1.6559826644639735,2.2403500189487224
2.683,2.5988994314081153,2.756005283732412
0.574,1.1769906359039828,1.22500284138684
2.315,2.4227722519684685,2.489424902169156
1.28,1.2397231138023,1.449622362810693
1.906,1.6925218695225481,2.220031629299969
0.555,1.65577738803106,1.6949854898220893
2.176,2.714880616004153,2.188877160652402
0.6,1.4052580293036183,0.46022740883035285
1.185,1.097302324647024,1.4127461698238326
1.303,1.2995817216398304,1.383682218717319
2.269,2.00950973722733,2.368723530711512
1.359,1.6438713549220862,1.1968564257851564
1.625,2.0950278991790277,1.8745030955408006
1.288,2.1096846364890403,1.9388525157228806
1.158,2.0197735588729966,1.7812136074603218
1.944,2.3944030489398447,2.239277263523537
1.976,1.8780096543030433,1.9135604247380515
2.374,2.762422637866883,2.604565495939882
1.763,1.8147024023925689,1.6253812483928036
1.577,1.7138295632589529,2.2325107632038224
2.414,1.390847623713102,1.7496944401691037
1.246,1.5034622748093607,1.5693180161060125
2.281,1.4492692965202387,1.9034453389423898
1.375,1.026358789432173,1.562067932688204
2.313,2.2211907948475673,2.231692647260286
1.918,2.2007863174159814,2.2480298934320024
1.063,1.360015103489518,1.1934646560378097
3.407,2.3340107223767395,2.694773810156029
3.365,2.650013263203537,3.028508064494705
0.875,1.036786832224171,1.6422318878950477
1.051,1.560488067872687,1.2498452995583376
2.183,1.7162518251673304,1.7127955148794163
0.613,1.0036552159519576,0.5490115542550487
2.594,1.7197004692402744,2.7121173114846107
0.709,1.2487963321370696,0.08007404551707609
2.12,1.5959187801935297,2.3580764130811542
2.648,3.137585846659305,3.0802469666139647
2.712,2.886696990352619,2.861937790607425
1.596,1.9351996685127002,1.758903213989746
1.648,1.9643489219863948,2.373817246649039
3.431,2.293735486239142,2.8527760147463868
1.818,1.7935999850890774,1.9274072413167214
1.438,1.5610217865982619,1.8712307077344146
0.65,1.1145866002983271,0.9514869221612983
1.361,1.1958760677320104,1.0717958297496195
1.194,2.124218207939305,1.5154487626541722
0.66,1.4424130636609331,0.9805595695224776
3.875,3.0858561855651434,3.1575759555756453
1.604,2.218932754085521,2.317434665235098
3.039,2.1200305687078727,2.3464966962485927
1.052,1.9142204170689567,1.357122143555265
3.047,2.2357654215844143,2.3406163882474096
0.613,1.4578498514160163,0.7803016026186493
0.7,1.4706591008298089,0.599611887342788
1.618,1.5681654064636459,1.3803023214302776
2.0,1.2852123713358963,1.73168242051467
1.939,1.923211524830561,1.9548777616721387
1.178,1.7073017726923088,1.6283343885265396
1.375,2.0561485427852406,1.7570213836586603
1.099,1.9231294142573958,1.1261583213131943
3.295,2.6979658379320934,3.1900343767824664
1.555,1.4552633683613083,1.333505963511529
1.089,1.0950853391715598,1.2845176258757283
0.705,1.84487803803083,1.1046659833818193
0.98,1.8042333043139884,0.960304358371321
2.0,1.6591849768174216,1.854612396124112
0.953,1.394419433645794,1.0285652856423164
1.387,2.0864883995698325,2.2870396964565805
2.507,1.9967004878135373,2.3782970676340573
2.188,1.6974485039124683,2.641332698783093
4.047,2.7254318246558986,3.219398252925498
0.789,1.4780079971281066,1.3607486071165114
1.646,1.6409564295747168,1.5479120924352066
1.669,2.8854653317551398,2.5180237498178224
1.72,1.5871329488648387,1.5541268650344597
1.238,1.7521341456405823,1.4342250487816082
1.813,1.715430719435677,2.1036804426439475
2.349,2.2367918037489813,2.7987746082366884
1.951,1.330947960588989,1.6354533623507108
1.907,2.1809566139965524,2.111003799846778
2.013,1.523004591222711,1.181158120875677
2.553,3.385272390612543,2.7108425506319396
1.235,1.347246909362308,1.0675915470756665
1.696,1.4601078921780632,1.2233000992830174
1.724,1.6502759796289825,1.484573420514577
2.948,2.737502078911203,2.9047860310322173
4.401,2.8271668248077506,3.1534077974160932
0.697,1.5818368168956745,1.1126262278418015
2.455,2.084846188106526,2.007904655041365
2.338,2.319477150926475,2.159512571866751
2.819,2.055409547626753,2.5076087406870973
0.958,2.1969271204772105,1.552340276984817
0.575,1.0886807144646635,1.639798664914602
0.993,0.9464652017423006,0.7282950609883843
2.38,1.2037997380424654,1.5242699233989403
3.413,2.735408259295487,3.2334945716252914
1.587,2.354250978661995,2.035486606259924
1.034,1.5722709351219128,1.6305064107654637
0.675,1.076856791928855,1.5743871564346614
3.313,2.0450225601213377,1.6167080497514545
2.146,1.876080055833658,1.8033162436497763
2.854,3.236734363756449,2.8380362603627867
2.524,2.2587563820707084,2.5745384289223434
3.704,2.609696971779357,2.7427997488759917
1.828,1.453539046324836,1.5866392968065397
0.905,1.5756374686216916,1.229230920548067
1.105,2.246357685522743,1.4541285597820375
1.89,1.592921744272995,2.1130420770676017
1.92,2.060828845455665,2.2095228980699537
2.016,1.98151003177795,2.0560779402216234
1.838,2.323131071432332,2.330515030610556
1.836,2.0450225601213377,2.166581895253355
0.913,1.5048581545531716,1.4630296651235095
2.201,2.5476213784663626,1.598042857939287
1.306,1.7101345874665128,1.827983689758327
1.355,2.3644737450210793,1.5905850288332215
1.467,1.2535587453806594,1.6609201851112847
2.4,2.9821094763707405,2.399193802340246
3.313,2.6875788504266787,2.412604007107915
1.156,1.6559826644639735,1.357658589646442
2.028,1.6949030761443429,1.9203051711587373
2.479,1.6957241818759963,2.0757917788243554
3.074,3.020044561173126,3.1475173948638133
1.726,1.9343785627810468,1.664893052372786
1.907,1.8829362886929635,2.01898962322912
1.911,1.5173800169608853,1.9802775557590002
2.231,2.5897030472135976,2.524853082113365
1.725,1.6036371740710713,1.4510299561844053
0.987,1.3218336869676366,1.2419805814502427
1.267,1.9742432460528176,2.0050989449585725
3.369,2.1310744407986104,2.613907365661139
4.327,2.5381376072657664,3.0616489262645117
2.256,2.661508743446684,2.4684369272244426
2.259,2.017146020531706,2.7472439934541644
1.633,1.875300005388587,1.5089933521537606
2.698,2.492976792024831,2.6070295937732246
1.707,2.4108662188594945,1.8918414514331472
2.365,2.1955312407333993,3.1251695909203665
0.816,1.943533891688982,1.0214226985600678
2.102,2.0745002558876933,1.9961067122005893
2.408,3.210376869770376,3.455975173357219
1.367,1.4449995467156413,1.9247472399368781
2.185,2.0471574350236366,2.1855720018004705
2.88,2.5164193606635346,2.8383655171503914
2.107,1.9539208791943967,2.1144097778799775
1.697,1.4759552327989731,1.6212297859673839
2.92,3.2099663169045494,2.976213539456081
2.011,2.0864883995698325,2.1014430181004022
0.656,1.4663893510252113,0.7232077543717814
1.143,1.6182118008079185,1.1721075664501444
0.6,0.9464652017423006,0.574705329674976
2.31,2.7318775046493777,2.488923948237512
1.918,1.8262389379222985,1.81765629991974
2.899,2.0123425520015337,2.7509748591068512
3.221,2.100939860446932,2.787793442572415
1.792,1.975310683503967,0.875489899605117
0.961,1.5750216393229517,0.77835149143539
1.36,2.263888292893542,1.74498683755677
3.5,1.7529141960856531,1.7798753414724968
2.25,1.7659697772189418,2.689526514174165
1.879,2.6525586909716625,1.7225521977774252
2.848,2.3464504742112884,2.887741360815264
0.75,1.4278794922106686,1.141941396504344
0.803,1.582904254346824,1.301837425093619
2.613,1.3102971514379067,1.3272804098371083
1.632,1.8247609476053226,1.794619874534231
1.678,1.736204694446507,1.860650183526516
0.631,1.0287399960539678,0.6933746416903162
1.443,1.770034250590626,1.5495526724761175
0.862,2.3134830790854055,1.6550426917004524
2.048,3.5647661035519684,3.1149494743800465
3.013,2.5550934406244084,2.883725643342535
0.513,1.130680272638733,0.8632330808558082
1.66,1.156832490191893,1.103831424159376
1.781,1.7987729511984936,1.9999422705257757
1.5,1.3649006825928556,1.030223156046238
1.427,2.3267439366516074,1.3813455200115807
2.361,1.399961897334454,1.8790835899364224
4.571,2.3288377562673235,3.053504250490571
1.737,1.2317173329186795,2.0628947411713123
1.156,0.9112808211409538,0.6832018236927322
1.797,2.389886967415751,2.149192491644233
3.207,3.0579796459755113,2.9216741647307307
3.139,1.861587539669976,2.7610426513602953
1.33,1.67408804584693,1.4418202199078567
1.646,1.414577579357884,1.4696130018664917
2.206,1.9679617872056694,2.35060343773772
0.713,2.2208212972683232,1.5300451698463489
1.884,2.0987639302580505,2.4740324296589957
1.025,1.0990677019700785,0.9086798311853714
0.915,1.510975392253989,1.7342117929334124
2.431,2.730194237899488,2.513314805414523
2.52,1.9899674208139795,2.414070493701266
0.67,1.1015720744516213,0.5861427165958939
1.33,2.5440085132470878,2.0115644808899975
0.534,1.3820207370978281,0.7807629760994437
1.091,1.10001197356148,0.8195603610037336
3.228,2.7805280192498394,2.6894379381474494
2.554,1.3034819738651837,2.222839092738889
1.581,1.823611399581008,2.133789389717973
2.528,1.5095795125101785,2.113110999190624
3.207,3.314821518836684,3.249305593957936
3.619,1.868772214821943,2.699920386640984
2.193,2.2686507061371315,2.4226397843009946
3.677,1.9781434982781712,2.585866400845114
2.464,2.5688880169161843,2.0402321156992147
0.711,1.885728048180585,1.0814592823423625
3.381,2.2340410995479423,2.2379184902380267
1.666,2.4400565276197717,2.6485738580834814
3.124,2.1774669146370256,2.5670085755364065
2.289,2.4264672277609085,2.385413113279739
0.997,1.6748270410054182,1.7024637981035977
1.575,0.9151400180797247,1.53475450846279
1.588,2.2096542593178374,1.5915614481686284
2.429,2.398056969445702,2.757645081848164
1.544,2.28770035911149,1.6919775324956454
0.538,1.159542139106349,0.3195323384772695
3.24,2.0855441279784315,2.617092027510656
2.258,2.2376129094806347,2.4559010829457932
1.014,1.5336379104476219,1.7812129581070455
2.799,2.434719340364025,2.2414236960229257
1.597,1.761453695694848,1.631566660359287
3.5,1.783254052870245,2.5008433227110602
2.618,2.967699070780224,2.6969295742011674
1.404,1.63561924231897,1.9286670293710577
2.153,2.3869720420683818,1.6872992045853887
2.368,2.5683542981906102,2.5001669723219995
1.057,1.4678262860556048,1.2183274673109878
2.519,2.3478874092416815,2.3039314939675792
2.341,2.701250260858707,2.6374144323583955
2.518,2.017063909958541,2.469717205879205
0.856,1.7015950878573178,1.7638854821659748
1.542,1.0707806095146202,1.5012740788851784
3.338,3.3131793073733773,2.953139666703983
4.411,2.670540906494871,3.279908238879997
0.944,1.4596562840256537,1.0735800827266058
0.707,1.208438985426307,1.024301114710056
1.229,1.7187151423622906,1.6902262838766307
0.875,1.5434911792274624,2.334860966210149
3.39,1.7162518251673304,2.657771132302855
2.332,2.178123799222348,2.7921068684778363
3.551,2.534606852619657,2.8619888891971197
1.854,1.3950763182311166,1.6330107619727083
1.582,1.8011541578202883,2.1037522602656806
1.916,2.157760377077345,1.5656148781960977
2.5,1.733002382093059,2.1302722529128864
0.938,1.1398766568332508,1.717848873771214
1.346,1.7985266194789975,2.0358475900720165
1.091,1.552605452848815,1.2953438743260492
2.583,1.4347357250699742,2.3231122775475344
3.116,2.4899797561042964,2.8783163473036204
2.273,2.682118497311184,2.764352012610765
1.217,1.316701776144803,0.9366652952049935
1.903,1.4840841795423416,1.8827702922202727
2.195,1.658733368665012,1.8687946385293719
1.619,1.8433179371406887,1.8786245724890809
1.011,1.9334342911896456,1.2063182375192358
0.717,1.360015103489518,1.0805150183347698
1.837,1.374261287933704,1.6299065959194117
2.479,2.8928142280534375,2.8112803738202783
0.886,1.2226030592973274,1.0821204241655606
2.933,1.4525126641602695,0.9157515035261783
2.111,2.50250161851201,2.258295893477168
0.953,1.0468864327235072,0.9396137868242141
1.984,2.1919594308007073,2.3918701104405997
2.677,2.7107340320593036,2.39324887782387
1.995,2.136575849200688,2.4857871630149715
1.373,1.6799589518282516,2.222084894321081
0.546,1.041590300754343,0.49178488992236247
1.2,2.9284502168071933,1.9365820257082134
0.992,1.2283097441323183,1.0543082120309446
3.33,2.5910578716708255,2.9106633690686188
0.541,1.1521932428080512,0.6690423117520694
1.162,2.2105164203360737,1.9536683388601126
2.513,2.4628422116731525,2.591641215823809
3.375,3.6426069269127073,3.928142600337037
0.903,1.2461277385091962,1.6521969898073925
1.313,1.244403416472724,1.848379315119274
1.538,2.0754855827656775,2.022369693037859
4.175,2.5132581035966695,2.574219605374176
1.293,2.559198969282675,1.923047879370873
2.174,2.404666870585512,1.9228982787290148
0.991,1.2129550669504003,1.3369330453781887
1.063,1.0344466808889587,1.2821223580486332
2.268,2.9130544843386925,2.797715092456077
0.905,1.975310683503967,1.3061797905139232
1.897,1.1230850446209395,1.5538217970090562
2.432,2.754745299275924,2.2102422325993967
2.566,2.971311935999499,2.7710067343602773
1.125,2.0242896403970905,2.6289873637519103
1.653,1.2974468467375315,1.0506123103041898
2.045,1.8152361211181436,2.334083299204564
1.13,1.915780517959098,1.9576083485871771
2.071,1.7015950878573178,1.379475223211599
3.127,2.513422324743,2.608830527802639
1.083,0.8747826713689619,0.6877459622782383
2.125,2.1174440856531644,2.403889020247396
2.58,3.0024318432291617,2.9786371076729288
1.811,2.3147968482560506,2.3732772720212765
0.988,1.2035534063229694,1.136777053254165
2.256,2.273454174667304,2.4594317165380124
0.898,0.992200790995393,0.9973522812899307
2.766,1.9060504150390059,2.67906479480162
0.519,1.3062326780662226,0.8557379203886266
0.514,1.229459292156633,0.13374047592600502
2.992,2.601485914462823,2.622913377080286
0.952,2.14922087746815,1.7081550005641786
1.265,2.28478543376412,2.203287383724596
3.189,1.9974394829720252,2.6588186247074237
1.726,1.9581906289989943,1.8352373182557253
1.703,2.1634670619123355,2.4232599441285125
2.877,2.586788121866228,3.0091270916013753
0.678,1.3050420747553253,0.7397476587753666
4.244,2.9342800675019323,3.4260687875764484
2.791,3.028337729062825,2.6647287687823367
1.231,1.749711883732205,2.1271287304632587
3.0,2.5107126758285436,2.8368644941402312
1.281,2.1479071082975043,1.250008824093531
1.854,2.151643139376527,2.32760265241602
2.488,2.3174243865973416,2.6289989191515466
3.5,0.8082320518184565,0.8937615826157808
0.966,1.8726724670472965,0.4895590582009135
3.341,3.214030790276234,2.4869487141407665
1.618,2.7189040340892543,2.195888112166977
1.381,1.3087781058343482,0.5147803651870679
3.039,2.3592597236250805,2.6078670474362937
1.443,2.277518648038988,1.5370900985196112
1.092,1.5283828337650405,1.183159354276272
1.194,1.0280420561820625,1.0780230436897353
0.725,1.0596135715641344,0.5841827239795907
2.111,1.1663983719656543,1.5180665182892807
1.797,2.1066054899953404,2.0550736442625306
1.424,2.247425122973892,2.0046370907348896
3.389,2.75129665520298,2.339105026160789
0.919,1.687348903413132,0.5729815396470506
3.13,2.3935819432081913,2.7098891724922223
3.542,2.4303264246996794,2.9493395845257235
3.5,1.906871520770659,1.8334871635746308
2.714,2.8369379830144252,2.9327520177424877
1.793,2.00950973722733,2.518703311436692
0.932,1.227488638400665,1.2941365686296877
1.608,1.3936804384873058,1.8959023555814583
1.929,2.891213071876713,2.411771908105032
1.089,1.7984034536192495,1.336525599347203
1.021,1.286115587640715,1.778392612141718
1.81,2.3995349597626783,1.9420986514344778
1.201,1.4343251722041477,0.7650904862734631
4.328,1.8478340186647821,2.424739979119687
2.359,1.494183780041678,2.0057677234163447
2.786,2.7356135357284006,2.769869829571262
2.039,1.9758854575161244,2.241058254472387
1.894,1.6235900433502481,2.083619971040415
3.127,1.884742721302601,2.396031402676017
0.784,1.198380440213553,0.86425583188409
1.649,2.2905331738856938,1.9745230940159648
1.872,2.3013717695435183,2.5071995858524834
2.541,2.3747786219533293,2.0082240158803284
1.918,1.8777633225835473,2.1550366810833195
0.998,1.3765603839823333,1.5391355236646933
1.353,1.6787683485173543,1.9820069146854413
1.74,1.5448460036846905,1.817877728977527
2.057,1.535362232484094,1.7738562143106402
1.627,1.9551525377918768,1.0234180253567144
1.581,2.3874236502207906,1.8380142176220653
1.077,1.4920899604259616,0.5609826149927746
2.178,2.4465022076132508,2.2156545870849547
3.419,3.029323055940809,3.2326914878317603
2.086,2.688646287877828,2.16049190164939
1.543,2.165027162802477,2.1095121572775857
1.538,2.11321539113515,2.0985705417093024
1.929,2.4393175324612835,2.5648161785082313
1.375,1.845863364908814,1.9335937971694483
1.125,1.767160380529839,2.3850097787173796
2.494,1.8131423015024275,2.3245634783668705
4.255,1.778573750199821,2.401210238583129
1.063,1.2083568748531415,0.7739357699891405
2.983,2.338403638041085,2.568835007437474
0.532,1.2533124136611633,1.505061284815655
2.879,2.3522392696194445,2.6392961318895813
4.107,1.4028768226818236,2.432042315934024
3.908,1.7455652997873554,1.0470820395083267
1.988,1.8333415025011002,1.507054652126029
3.833,1.9151236333737753,2.8867899287609795
1.837,1.8384323580373512,2.233116816539627
0.926,1.2549135698378873,1.2422830046150366
2.476,2.1805871164173083,2.311144974624792
0.992,0.9540604297600944,1.023018226188761
0.578,1.3493407289780242,0.18374835191985772
1.75,1.4198326560404655,1.5893416677240235
1.89,2.5082083033470006,2.3362440313751165
0.659,1.1124517253960282,0.5889718046649917
2.896,1.9418506249390923,2.116395627338492
3.021,2.693613977554331,2.7689311401071457
2.199,1.889299858113277,2.2047379698198215
3.94,3.102483576631124,3.597338569609285
3.3,1.714445392557693,2.527960428082761
1.1,1.6955599607296656,1.2239067252992104
1.991,1.5305177086673392,1.9725733329820194
1.651,1.8804319162114207,2.212154522781258
2.581,3.1312633325255748,2.9062269776620595
1.348,2.0979838798129795,1.4868379612212883
1.94,2.5913863139634867,2.8189697543184336
0.656,1.5312156485392445,0.9295779508441894
2.256,2.499545637878058,2.190027470620131
2.707,2.5015984022071915,2.622351554956152
2.484,2.681831110305105,2.706145778721501
2.335,2.609655916492774,2.085022501155192
0.926,1.2301161767419555,0.640234175129069
1.763,2.150657812498543,2.166694119842038
3.25,1.5134387094489492,1.5623659412756736
0.913,1.644774571226905,1.230383045184397
0.701,1.778573750199821,1.3594625488785632
3.532,1.9224314743854904,2.13024330103328
2.729,2.400315010207749,2.5361684159635827
1.47,1.4610932190560473,1.895352877770525
2.563,2.437182657558985,2.696023718394964
0.439,1.253476634807494,1.2025427082706512
1.266,1.3755750571043492,1.4212749136289822
2.191,1.6631262843293575,1.7980611486056444
1.388,1.9530587181761607,1.4163691105646734
1.625,1.8335467789340136,1.6048460851751793
2.195,2.602758628346886,2.7637834804259347
1.778,2.12122117201877,2.1288032436873867
1.885,1.208151598420228,1.941941644014423
1.503,2.293283878086733,2.484050345517695
3.212,1.96073605676712,2.4694390603052447
4.585,3.121779561324978,3.529022479512239
2.822,2.015914361934226,2.390816860915421
1.853,2.5200322258828094,2.276957148698445
2.18,2.496425436097775,2.9123887168627607
1.557,2.2019769207268785,2.181244074331539
1.611,1.464952415994818,1.074113790288707
1.692,1.9398799711831243,2.0585367386374083
1.75,1.2038818486156306,1.426414763445504
0.88,1.8716871401693123,1.4854697821456155
2.043,2.053479949157367,1.5656670543536462
1.011,1.2763854847206229,1.4485072105424353
1.292,2.08213653919207,1.247039294009616
1.49,1.991034858265129,1.5474672450821398
2.28,1.3922435034569127,2.0356738900356937
1.611,2.2444280870533575,1.9822573722762369
0.679,1.4694274422323288,1.1063325084480837
1.016,1.4449995467156413,0.7702459675785938
2.295,1.5705466130854409,1.8978351033287273
2.513,2.5177331298341796,2.506826784213934
2.434,3.0900438247965756,2.915867140883342
0.852,1.2348375346989626,0.37084589285167535
1.036,1.237136630747592,1.0673894745963
1.601,2.1310744407986104,1.9659582487554301
0.753,1.3143616248095908,1.5228099726229252
0.675,1.329182583265934,0.7955139746113669
2.613,2.3907491284339875,2.2828750258260304
2.041,2.249559997876191,2.691888510954788
1.265,1.5904173717914523,1.8572734406873073
2.875,1.8726724670472965,2.699815180459711
3.528,1.7258998175142575,2.5246371580146976
1.403,2.2587563820707084,1.344917283453395
4.191,2.039685372865591,2.4881396026514206
1.535,1.2910422220306352,1.1838134161641922
0.628,1.1849964167876033,0.9223273079943135
1.65,1.340472787076168,1.3393410007890387
3.141,2.599925813572682,2.8642648795752557
1.76,1.9376629857076604,1.5352763409615047
1.375,1.7529141960856531,1.251935926262005
3.167,3.5927247537147653,3.199838119428908
0.969,1.5394267058557782,0.9211884278825834
2.237,1.9508417327006968,2.1077250346395853
4.0,3.2008930985697797,2.959196072279996
1.899,1.76317801773132,1.8042150372112986
2.5,0.8928880527519187,1.82673969065536
0.979,1.315593283407071,1.5486297934021827
3.31,2.688317845585167,2.944416417722538
4.171,2.820556923667941,3.332137545029553
1.922,1.4313281362836126,1.583192816126448
1.3,1.0919240821046943,1.7424265995446278
1.479,1.304220969023672,1.5259036382118365
1.631,1.293546594512178,1.4146843349724914
0.976,1.3837040038477175,0.36163030401089147
1.231,2.3362277078522036,1.5842472156122365
2.77,1.714445392557693,1.9129078469714131
1.813,1.4193399926014736,0.7548636544943763
0.878,1.7830898317239143,1.7424660468837008
0.678,1.1162698670482165,0.45003225317440565
2.996,3.306938903812812,2.824359779833765
1.567,1.262262466136185,1.6069822876419946
3.475,1.860232715212748,2.859291463702146
2.021,1.7590314337864708,2.161361200011796
3.49,2.1121479536840004,2.881631733137656
0.973,1.6112734573754475,1.7638407135261591
1.92,1.6704341253410726,1.893616313003906
1.75,1.9783487747110846,2.098242423686448
0.992,2.069737842644104,1.3008740949007813
1.45,1.301839762401877,1.862266904350674
2.121,2.4013824476588983,2.5048190089318245
0.591,1.3453994214660883,1.0746641230419962
0.736,1.8586726143226067,1.4980082487661435
1.475,2.3868488762086337,2.124369398567601
1.036,1.6631262843293575,1.0387599776820409
3.453,3.2887514118566896,3.3496420247690497
2.405,2.438742758449126,2.6288476613667022
2.813,1.9684544506446615,2.2734894935405943
1.618,1.5305177086673392,1.74347360058989
1.827,1.7683099285541537,2.563460232312831
1.215,1.7213426807035812,2.136939390646514
2.946,2.07429497945478,1.775812688018751
2.451,2.482097141080424,2.5464704246877696
3.824,2.764639623342347,2.7585244841846737
2.4,1.9086779533802964,2.819695785986034
1.814,2.1007345840140186,1.9533235061874408
2.638,2.6796551801162236,3.3052085548986248
2.3,3.0692287944991623,2.4758770282185014
0.713,0.7156523805745398,0.6517901028267556
1.712,1.8858101587537504,1.7055272797174448
0.675,1.5377844943924714,1.9269424217655946
1.152,1.3182208217483615,0.25194713113044265
0.635,1.3050420747553253,0.7449543301889425
1.406,1.547637763172312,2.1556972158480336
0.546,1.0308748709562667,0.3561817205597766
1.847,1.8977572471493067,2.0272521249285425
1.21,1.5251805214115923,1.249948830680396
3.024,2.5701196755136646,2.5504090612090353
1.849,2.1778364122162697,2.0914712784858
2.528,2.705437900090139,2.852176441950653
1.92,2.345054594467477,2.317530866096905
2.295,2.586952343012559,2.490023011532568
1.917,1.8812119666564915,2.383255519947333
0.579,1.6807390022733222,1.600206197361229
1.966,3.1200141840019233,2.724906362439322
2.552,1.8812119666564915,2.4540414752926223
1.25,1.6787683485173543,1.5469737571425564
1.464,1.8665552293464789,1.660099581247861
3.244,1.888560862954789,2.387504946314227
1.878,2.67082829350095,2.8945613885285897
1.066,1.1847500850681074,1.2416387483764524
0.977,1.3011418225299716,0.41525895943524804
1.667,1.339980123637176,1.245022222690837
2.186,1.6806158364135744,2.039694129416448
0.878,1.1951370725735222,0.3695456738272074
2.448,2.46403281498405,2.469878503307613
1.758,2.4107430529997464,2.2380585822182995
1.17,1.3379684145946251,1.015480942409142
1.004,1.715430719435677,1.9723882587052513
0.85,1.6227689376185948,2.2230918081435123
1.591,1.8021805399848552,2.3266391935844615
2.105,2.9298871518375864,2.869161086747992
1.913,2.3174243865973416,2.31653017708062
2.365,1.7352193675685232,2.0246648734890007
2.113,2.6204124015774335,1.9529293169715416
1.042,2.0406296444569922,1.142543005812589
1.151,1.7871132498090159,1.5947367414189102
0.794,1.085765789117294,0.5808854097582445
1.44,1.482647244511948,1.4620205921769491
1.199,1.6452261793793141,1.440112432967263
0.587,1.3114056441756388,0.2797318211881259
0.471,1.1758410878796681,0.8330956131498848
1.257,1.3209715259494006,1.8181660199818317
2.572,2.131895546530264,2.2047683438424004
0.76,1.3385431886067825,1.4349901909944183
1.44,2.2612607545522514,1.9195459334501292
2.15,1.7388732880743807,2.279168915080896
1.652,2.4781147782819053,1.9895167635192585
2.058,1.142093642308715,1.8348856014175166
3.125,1.515327252631752,2.2677650078044125
1.6,0.8142671789461089,1.6030870738707803
1.353,1.5989568714006472,2.016242730212678
0.48,0.8271585389330667,0.8214684907486627
2.645,2.589908323646511,2.584431662607167
1.138,2.0158322513610605,1.65270168381032
1.5,1.7361225838733418,1.7679970488969448
1.759,1.316701776144803,1.3678085483790192
1.992,2.272345681929572,2.1405630053087292
1.012,2.2803514628131922,1.4790729534957574
1.105,1.8156466739839703,1.507084515341361
0.875,1.6455956769585582,1.2138617042141597
1.542,0.8405836176455994,1.2112302693479888
2.46,2.2301819026091714,2.281070955602574
1.907,1.750574044750441,1.865700761215849
0.95,1.292561267634194,1.3515524359556936
2.833,2.81361858023547,2.0795554498063153
0.904,1.0391269835593828,0.9911136852578616
1.625,0.7306375601772139,1.3190149438959802
0.518,0.9816085270570648,0.12767038738328584
2.008,2.7290446898751735,2.5527966756482536
1.961,2.523316648809423,2.601244991816718
1.815,2.2427858755900507,2.191843806780768
2.38,2.1433089162002457,2.188205930930759
2.673,2.137807507798168,2.340027915925371
0.738,1.6299946680571444,1.4692313795441958
0.942,1.2568431683072727,0.7773812962383673
2.701,3.146864341426988,3.0494424253736683
4.208,1.700979258558578,2.477501804287433
1.996,2.461774774222003,2.5031787854535015
1.992,2.641966427033334,2.156801162861555
2.496,1.7249144906362734,2.1461910230388934
2.734,2.3174243865973416,2.7201819999075223
1.676,1.9430822835365724,2.117621705807685
2.13,1.7809139015350328,1.247074961268605
0.906,1.3639564110014541,0.9090182724894058
0.713,1.5036675512422741,1.992711963284543
1.053,1.192920087098058,1.0607907904626628
2.225,2.028764666634601,2.3528528070516153
0.892,1.9542493214870582,1.262401367720196
1.306,2.079632166710527,1.878617368900448
1.313,2.0289699430675143,1.9072812762840294
2.135,2.214786170140671,1.9054101228471105
1.99,1.8702091498523363,1.4460044121011528
3.254,2.3932945562021124,2.522575879974899
1.542,1.3782847060188055,1.243839029125198
1.792,2.1137491098607244,2.5694742646997835
2.19,1.5886930497549803,1.6265348524085927
1.65,2.0480195960418723,1.9537540665773232
2.246,2.3107323748843664,2.5451103850877907
1.398,1.3514345485937405,1.8293577510668133
1.548,2.4713817112823477,1.9745328872993282
0.574,1.1643045523499385,0.3203984173457455
1.532,1.5544939960316175,1.7698688127080309
1.5,1.5402888668740142,1.7632134107182735
1.045,2.0824239261981488,1.7605920522152363
2.7,2.220862352554906,2.680355873094974
1.775,1.3646543508733595,1.8133486548673834
3.356,2.6351512494606113,2.916721491510789
1.979,1.9505954009812008,2.3894673169623575
3.056,1.3367778112837279,1.744212462891462
2.326,2.497205486542846,2.6428646929347632
2.75,2.137807507798168,2.2675989076755316
1.191,1.9144667487884528,2.449089846835948
2.037,2.542735799363025,2.681964691872668
0.985,1.8042333043139884,1.8363165950076275
3.16,1.688334230291116,2.013230600095694
0.806,1.138973440528432,1.265827777500435
2.313,1.3235580090041086,2.1151968986084473
2.529,1.8830594545527115,2.650517471831975
1.661,1.8669657822123056,2.2352057890617187
0.675,1.8322330097633683,2.243379319351648
1.98,1.906871520770659,2.3721068690623044
0.552,1.095454836750804,0.024158468295924163
1.5,1.5283828337650405,1.5775312228917662
3.457,2.6974731744931018,2.9280613469170116
1.77,1.8224207962701104,1.735289128414818
1.587,1.9117570998739966,1.8165244577728985
0.979,1.4645418631289915,0.9751411056685695
1.969,2.733519716112684,2.43147414422109
1.388,1.6331559251240098,1.9060222622004819
1.777,1.730908562477343,2.0896443539920986
2.5,1.7140348396918663,1.3965210873573297
1.5,1.3242559488760142,1.2090112472801298
3.38,1.9108128282825951,2.6244499589184644
0.435,1.1528911826799566,-0.21463041417580442
0.861,1.3993871233222968,1.230192879370065
1.942,1.6610735200002242,1.8572707751669837
1.868,2.5049649357069703,2.292414638127208
0.987,1.4823188022192868,1.986980676732103
1.304,1.91257820560565,1.3285056191972338
2.713,1.8124443616305221,2.581983681661179
1.435,2.987651940059401,1.9565614188453737
1.656,1.6297483363376484,1.7277365734713093
1.421,1.6668623154083804,1.8518522242775985
3.494,3.0938619664487637,3.067258878848697
1.713,1.2809836768178815,1.0857318730896826
3.259,2.691766489658111,2.6537047329393673
4.324,2.5226597642241004,3.1464150484499807
1.908,1.402219938096501,2.067371967065246
2.731,3.0982138268265262,3.0851220967381554
2.405,1.6997475999610976,2.0384601840706225
1.24,1.317933434742283,1.3646880196361622
1.874,1.8690596018280217,1.8240008905163696
1.603,1.8482035162440262,1.4390626716690695
0.963,1.5663179185674259,1.3092385552611636
2.765,2.8593131142019796,2.7293934939972804
2.849,2.081356488746999,2.43030563688124
0.92,1.3338218306497756,0.8406892063335463
1.317,1.7252839882155175,1.6488041825775719
1.447,1.3967185296944233,1.703114565530515
3.042,2.8901456344255636,3.0983262006709364
1.602,0.9510633938395594,0.9907075381599321
2.285,1.8831005098392941,2.1567091579775846
1.128,1.3221210739737153,1.8179600565039347
1.388,1.36543440131843,0.40511546923894914
0.972,2.993399680180974,1.920507537943845
3.25,1.6388626099590007,2.213501228248508
0.932,1.0897892072023954,0.9576953875378876
1.519,1.3744255090800346,1.2884164447925817
1.625,2.475446184654032,2.8013224485756094
2.453,1.9300677576898668,2.1145000494088486
1.5,1.4982071981267793,1.9928102919604571
1.135,1.6668212601217978,1.2408197509773198
2.374,3.5983493279765906,3.415956953660831
1.132,1.2250663764922876,1.342459518011533
0.965,1.904038705996455,1.5681666597313138
2.75,2.1536137931324952,2.9824100367763395
1.057,1.2585264350571619,0.4744477835032992
0.968,1.0919240821046943,1.2466056130124068
2.625,2.0864883995698325,2.1108050566531977
2.125,1.641284871867378,2.3959987978923216
2.008,2.0638669366627824,2.466530051463462
2.032,2.1080834803123163,2.3773694234702525
1.975,1.9342553969212988,1.8370933185225868
2.75,2.155091783449471,2.747364161054318
1.936,1.796884408015691,1.7750814623217688
1.74,1.6246164255148148,1.611700295452139
2.013,1.7914240549001959,2.340828515436933
3.309,2.3449314286077296,2.80693953311622
2.123,2.586377569000401,2.569213414850987
1.05,0.923022633103597,1.010566617247136
2.179,1.6946156891382642,2.302498358076392
3.628,3.0174991334050003,3.24037706970943
0.813,1.4984535298462753,0.9796812024822816
2.245,1.7649844503409575,2.0355013771797252
0.539,1.4430288929596733,0.31677782775811014
2.893,2.3531424859242627,2.9188297903226554
1.914,1.84734135522579,2.5271399887872725
0.679,1.255939952002454,0.3226258809783886
2.33,2.6260369758392588,2.284283871175358
3.5,2.592453751414636,2.574211843406535
1.788,1.6307336632156324,1.4014626984565555
1.104,1.3068485073649625,0.8766018802651274
2.436,2.6211924520225036,2.5865127280406113
1.104,0.8804893562039529,1.1924419526138417
1.083,1.906871520770659,1.2017410592710205
1.875,1.454319096769907,1.4012975675005956
1.406,1.4202432089062924,2.037336763076641
2.472,2.676658144195689,2.7883901056829012
3.511,2.3901332991352473,3.1510949955638963
1.587,1.2360691932964425,1.7629405410742494
1.124,1.6222762741796029,1.480608251081908
2.392,2.231126174200573,2.1084980701921756
1.625,1.3651880695989342,0.8407028504472125
2.407,2.071092667101332,2.0151963779613085
3.655,3.056091102792709,3.2309653206716744
0.875,1.4027536568220755,2.003774712911127
1.22,1.39774491185899,1.0347007054798913
3.767,2.3555647478326405,2.7611031559569135
4.429,1.7498761048785356,2.6773951005157164
2.682,2.7540473594040185,2.860830988061993
3.574,3.0968179470827155,3.53266235724832
0.763,1.4818671940668773,1.2333042269446763
0.727,1.3147311223888347,0.5738629251301441
3.275,2.505129156853301,2.7317548817233783
2.225,2.1304586114998703,2.0140817580975874
0.919,1.3638332451417061,0.96377533665606
1.688,1.7996761675033124,1.4837783283856543
2.25,1.909334837965619,1.73644039929334
1.804,1.940536855768447,1.7634306104119157
2.171,2.5107126758285436,2.220379124934455
0.973,1.4749288506344065,1.2334506860103214
1.828,2.2519412044979856,1.7108227997745418
0.888,1.4435215563986652,0.9118529826875099
2.248,2.278175532624311,2.09738062877151
0.85,1.7222458970084,1.7392313577764364
1.525,1.578429228109313,1.6213495531071902
2.333,1.7565681165915106,2.1489296963741173
2.416,2.063168996790877,2.469301859518875
1.509,2.50003830131705,2.227089067374637
0.883,1.1923453130859007,0.8310517574458953
3.647,3.264734069205829,3.2674320589739
2.474,1.9563431411027743,2.6161264562444217
3.181,1.7932304875098333,2.3735692893245384
0.471,0.8158272798362503,0.598790428622588
1.967,1.9433696705426513,2.106016271198148
3.422,2.132347154682673,2.714670431309168
0.608,1.0953316708910559,0.4948268532993825
3.111,2.9852707334376056,2.515556109844641
1.406,2.187155962270535,2.793708191841713
2.139,2.9298871518375864,2.5553194363877254
1.438,1.4227886366744178,1.4568243987998972
1.899,1.5675906324514886,1.813847492619196
3.027,3.3943045536607297,3.3326104831051078
1.388,1.749835049591953,2.1817097245269452
1.466,1.3400211789237586,1.2875851595531966
2.156,2.09014232007569,2.2337294204140092
2.383,1.9350354473663696,2.3439902082959776
2.75,1.0186403955546315,1.2597785306046343
0.266,1.3634226922758794,1.549340931786206
0.759,1.5145472021866813,0.9076271312858497
2.27,2.9568604751224,2.694139694995055
3.25,0.9277029357740212,1.6469047975696653
3.134,2.442889342393976,2.6154144014255127
2.247,2.5683132429040274,2.8546065638615485
2.417,0.9054920257327976,1.921078220734639
3.194,2.5125191084381813,3.0434673429862555
3.861,1.9229241378244823,2.230549020969157
2.385,1.576704906072841,2.2774188265449657
0.544,1.0190509484204582,0.5671530041545461
3.224,2.1224117753296676,1.8988859322577012
1.423,1.6322937641057738,0.9601500608142529
1.234,1.687595235132628,1.5476216184433342
2.84,2.4685899517947263,2.2870064016909986
3.071,3.039668988159641,2.329283976979043
2.654,3.329970919585689,3.4145711200334112
0.916,1.8721387483217218,1.8120355231908933
1.241,1.484494732408168,1.2266512261776148
3.28,3.4099466178487265,3.240274778182873
1.867,2.743537206038855,2.6574303155673253
1.189,2.323829011304238,1.6694835288979
1.07,1.6722816132372926,1.4745667833729894
1.694,2.3819222418187134,2.7941367768752503
1.905,1.6898532758946747,2.2135181444997998
1.267,1.9932928990271759,2.224619281718926
1.446,1.9667301286081893,2.325901312433438
3.522,1.9026838815392269,2.69446734842469
3.227,2.1149807684582043,2.8704436558425934
1.54,2.4972875971160113,2.602021418081678
0.578,1.1904978251896807,0.9974615751933336
0.895,2.4437515034122117,1.8119976495269037
0.658,1.4057506927426102,1.2320273214323
2.869,2.289424681147962,2.866965999538608
1.167,1.1637708336243637,1.91761399530372
1.446,1.7336592666783817,1.711095401653622
1.404,1.6023644601870086,2.160711277313754
2.517,2.711349861358044,2.692489216706951
2.154,2.043380348658031,2.2038439525108324
1.783,1.5989568714006472,1.8842911122432162
0.955,1.2739221675256625,1.314019297641459
2.542,2.8860401057672966,3.168585824385148
2.38,1.7357941415806803,2.0637469950012526
3.292,2.2404457242548386,2.7710582687281513
1.911,2.248328339278711,2.162302165422375
1.338,1.6390268311053313,2.0337323186257574
1.952,2.3755997276849827,2.063084924766693
1.178,1.5627461086347338,0.9388150730541874
0.871,1.376806715701829,1.544892216469691
1.283,2.145854343968371,1.6670670116103201
1.31,2.0742539241681976,2.2639012782983885
1.021,1.0819065921785231,1.1346540589433523
1.573,1.9325310748848268,2.1832369849467566
2.833,1.7495066072992915,2.2729883857425226
4.611,1.6160769259056198,2.6122608576566897
1.533,1.5278901703260486,1.481664151294258
1.744,2.5889640520551094,2.5056737944742453
3.622,2.420062603054012,3.383937905532967
1.635,1.9197218254710342,1.062164106027519
0.621,1.3680208843731383,0.7756753655333295
2.408,1.8555524125423237,1.341637307884988
1.293,1.3162912232789763,1.4542672689218417
1.272,2.289424681147962,1.970907020905217
2.371,2.5757031944889075,2.503569698395138
1.845,2.1381359500908292,2.113278066924023
0.928,1.8897514662656865,1.6924409530092546
2.907,2.9952471680771944,2.5731692954125123
1.625,1.4087477286631453,1.421782114160051
1.497,1.4537443227577498,1.350781024739337
1.042,1.5622945004823243,0.8981478840538446
1.095,1.5804409371518637,1.9854586141786248
2.905,2.1891266160265035,2.4275593535418523
2.287,1.9776508348391793,2.4314436227934038
2.932,2.126394138128186,2.1977946545312785
3.55,2.3174243865973416,2.9964914569973047
1.963,2.6812152810063647,1.8222076361582937
0.772,1.4010293347856035,0.6496944234146103
0.684,1.2532713583745805,1.042195867858195
2.215,2.5030763925241675,2.403793943312307
2.25,1.6233847669173347,2.5234045079644694
0.875,1.3765603839823333,1.4289018682200603
1.21,1.455797087086883,1.8370273134197739
2.045,2.3584796731800095,1.9453761254236808
1.994,2.7603698735377495,2.586388598176314
0.93,1.428577432082574,0.08663570004255794
0.735,1.563690380226135,1.0042727124942796
2.524,1.9410705744940218,2.1486159596895886
2.399,1.9171353424163262,2.126674075362353
2.438,1.9245252940012065,2.0238618391996663
1.311,1.6021591837540954,1.4937639083576473
1.201,1.5828221437736585,1.7372231744409232
1.362,1.5114270004063983,1.7512573185663738
3.34,3.0943135746011725,3.538683972211061
2.633,2.309213329280808,1.9270757324738697
3.552,1.3782847060188055,2.01909672868843
2.469,2.099338704270208,2.050251750516428
0.731,1.2140635596881324,0.44628707603770645
3.993,3.678119749806715,3.2160697225420845
3.425,2.523562980528919,3.0447355134104233
3.359,3.0500559756650567,3.2686136984845167
1.404,1.6151737096008012,2.4137283975868415
2.313,1.2884557389759272,1.622826075556414
3.038,1.7320581105016577,2.5116325512866724
1.787,2.151150475937535,2.257295014620404
0.893,1.2589780432095714,1.6073478578195313
0.436,0.8048244630320953,0.4985348650606305
2.25,2.5095220725176466,2.7567007205656235
0.623,1.0546048266010488,0.3431157115651402
2.143,1.4380201479965877,1.7407213636864463
1.441,2.411523103444817,1.9126160900491311
3.684,2.4393175324612835,2.83070949248233
2.63,2.6444707995148766,2.3468357085176894
2.866,3.706406842262174,3.4161315935871963
1.625,1.529327105356442,2.1030651696128744
1.852,2.515475089072133,2.229395610891597
1.086,1.338091580454373,1.6071608265098989
3.731,2.5339499680343343,3.2033177104821764
2.722,2.0444067308225975,2.4965548376431443
1.567,1.980647870759714,2.177473503469695
1.15,1.0411386926019335,1.4000630217403707
0.705,1.9376629857076604,1.1356760488211481
0.475,1.0394554258520443,0.8868385250025836
1.86,2.398056969445702,2.3560849050709067
0.925,1.809365215136822,1.3009972508524204
0.792,1.6438713549220862,0.786832144724193
3.406,2.96240293881106,3.064582689830224
2.806,1.5989568714006472,2.51166258583961
1.93,2.000190187173064,2.2449160921787152
1.875,1.3852641047378589,2.1552825861386067
1.783,2.266105278369006,2.7220837441593124
2.58,2.7931319922307187,2.4632524287123965
2.318,1.508142577479785,2.063844236142638
3.431,3.23443526770782,3.105182414622602
2.256,1.5847106869564613,1.59817241946929
1.458,1.130680272638733,1.3616825256224572
1.615,1.945381379585202,1.765941098001731
2.321,1.730662230757847,1.8913202085645668
3.613,1.9822490269364381,2.645977176007927
1.906,2.2639704034667076,2.227154282708769
1.114,1.0465169351442634,1.0953944263523379
1.63,1.9955098845026398,1.6545502503675575
2.487,1.7073017726923088,2.0119637036683407
1.926,2.5759905814949864,2.348943009402534
1.875,2.1160892611959365,1.8668016309336162
0.534,1.2237936626082246,0.8765077593578288
2.282,2.2074372738423733,2.174502500608679
0.485,1.328689919826942,1.1429348931375278
3.397,2.135467356462956,2.6494441874178225
2.063,1.7118589095029848,2.13343928438887
1.261,1.9121265974532407,1.3514430444745935
2.925,2.4909650829822803,2.7891826032237623
3.194,1.7415008264156713,2.4306477054580324
1.489,2.2027159158853666,2.1395288868572093
2.148,2.1634670619123355,2.2037306177559506
1.434,2.184364202782914,1.383974558232962
2.132,1.8746431208032646,2.2971086423136917
2.495,2.420062603054012,2.768602351839329
1.907,1.9222672532391598,2.191832631404069
2.1,1.670023572475246,1.8640627030922623
1.538,1.5299429346551818,1.5485954775977748
0.938,1.4633102045315112,0.9277592369584862
0.875,1.2397231138023,1.7809235112955641
2.938,1.7162518251673304,2.4651759791219074
2.226,2.266105278369006,2.003788893936203
1.417,1.0011508434704148,0.8225213544741266
1.07,1.9932928990271759,1.0294836084197405
2.625,1.762233746139919,2.348307242996219
0.871,0.9625999293692892,1.2038837868016041
0.696,1.3731527951959719,0.6265238725447353
1.878,2.0754855827656775,2.2878555570451056
0.7,1.4743130213356663,1.3920856871487373
1.905,1.8331772813547695,1.8232557666816038
1.741,2.225049991786338,1.751747039494226
0.761,1.6850087520779198,1.6617792565191905
4.208,2.909523729692583,3.298376644386807
0.862,1.4089940603826412,1.7012242010098553
0.989,1.1570377666248062,1.34370309869032
1.583,1.5248110238323482,1.6923159524579945
1.32,1.4244719034243072,1.1479276790479223
3.7,2.2404457242548386,2.91555442511112
1.0,1.7079997125642141,1.3744630102713407
1.852,1.6303231103498057,1.9841341205929222
1.607,2.2390908997976107,2.683532774198447
1.693,1.5398783140081878,1.5955569608856446
2.676,3.2997542286608446,3.0045715487603637
1.031,1.388220085371811,1.2388873536977205
3.432,2.060828845455665,2.17029664817843
0.678,0.8434985429929687,0.07057377646919338
2.877,2.2199180809635046,2.117158944895095
1.575,1.9338858993420547,1.7872720537657567
2.014,1.9524839441640034,1.8624585330715893
0.993,1.244403416472724,1.5924843620604099
2.737,3.09612000721081,3.6171755180819387
2.09,1.5630334956408125,2.016841000315005
0.565,1.0491034181989711,0.9004616638032985
0.541,1.0534963338633168,-0.040216452852062545
3.1,2.5683953534771926,2.8621758213799406
4.096,2.159977362552809,2.7705941549485664
0.669,1.1974772239087343,0.871838534413202
0.906,1.319041927480015,0.9255229347864355
1.231,0.8817210148014327,0.7545907582296048
1.421,1.3352998209667517,1.0419812872962355
1.628,2.1561181656140382,1.4752742727775368
1.656,1.5011631787607314,1.017632819000815
1.863,1.4426183400938466,1.5329313320821363
1.672,2.3573301251556953,1.9883842307359232
2.423,1.2964615198595473,1.7369925867325184
1.375,1.489092924505427,1.828690880633785
1.313,2.132223988822925,1.5388248519769148
2.023,1.3790237011772934,1.3268012387136783
0.765,1.5402888668740142,1.139495230260877
0.981,1.3318511768938075,0.9983511840285005
2.838,2.728141473570355,2.8721995432871847
2.028,1.838966076762926,1.6777762832406957
2.849,2.176317366612711,2.8900937967951377
1.133,1.1982572743538051,2.2063997008578786
2.393,2.1976661156356982,2.342997338638103
1.375,1.3936804384873058,1.0928887076994447
0.469,0.936652988249043,0.6986604231103488
0.702,1.5732973172864795,1.278733521979046
1.804,1.3261444920588166,1.3115497942269376
1.331,1.8362974831350525,2.2161569894666036
2.07,1.8775580461506338,1.6055054386960048
2.964,1.7529141960856531,2.4894602171911635
3.738,2.6100254140720183,2.745996057362175
3.345,3.2646519586326637,3.577033509937006
3.941,2.364063192155253,2.131298198165169
2.067,2.790093901023601,2.222306964004436
2.539,1.6502759796289825,1.883466592020719
2.408,2.48850176578732,2.4229840602672468
2.9,1.8769422168518939,2.4125879615491734
1.708,2.1976661156356982,2.1221162712470862
1.758,1.7404333889645218,1.8027262819042735
2.284,1.4757910116526425,1.5704053820597443
1.222,1.9907064159724677,1.7428969211599283
1.37,1.1769906359039828,1.1686901513002654
0.871,2.1906456616300622,1.7734062533984967
2.264,1.7287736875750441,2.013579951233237
0.88,1.4083371757973184,1.38096098548071
0.866,1.6246164255148148,1.4637833553508128
1.923,2.6781361345126644,2.2250772867990083
2.722,2.3088848869881464,2.6581996324031696
1.961,1.5884056627489014,2.199234979755255
3.034,2.0773741259484804,2.4568271669047204
2.052,2.7013323714318727,2.720340064645693
1.363,1.5761301320606838,0.883401773124036
3.141,1.9239915752756318,1.429360581728617
3.822,2.296609356299929,2.835332264405869
1.688,2.440138638192937,1.9914210075145766
1.646,2.060828845455665,1.1889012328896853
2.93,2.4457221571681798,2.861602968895437
1.707,2.0947815674595316,1.1821732238791225
2.024,2.1013504133127587,2.0168803427272977
3.326,2.131731325383933,2.3983599926629346
2.356,2.8861222163404623,2.379357761572189
1.956,2.206246670531476,2.2715010223802734
0.55,1.6118071761010224,0.63592364084935
1.104,1.5093331807906822,0.9922790118581375
3.26,3.10289412949695,2.8910248081493344
0.862,1.5114680556929811,1.231032594104117
2.209,2.171801285088617,2.0951416924058894
4.5,2.82577094506394,2.9012465580144084
3.5,1.1186100183834289,1.5457103610710234
1.886,2.511205339267536,2.7051433762775248
1.75,1.412606925601916,1.7795926149613295
1.748,2.2446333634862707,1.956687873828493
1.697,1.5940712922973097,2.020459633089681
2.644,2.2234898908961966,1.112415846348283
1.045,0.869075986533971,1.4036735342492968
1.394,1.5904173717914523,1.6757335235069994
2.858,2.0368936133779694,2.4944650572326417
3.313,2.983546411401134,2.6028893714058565
3.762,3.544731123699626,3.5553682343971444
2.3,2.1795196789661593,2.457935527572554
1.02,1.2896463422868245,0.09651981014703859
1.769,1.6449387923732357,1.8095336433535307
0.847,1.9479268073533273,1.0338269061647867
1.486,1.8987836293138736,1.5097010323022775
3.011,2.030653209817404,2.689051390887661
2.736,3.038314163702413,2.639946994505642
2.776,2.8531958765011622,2.5018667316705194
0.955,1.1209091144320582,0.45322042432245535
1.791,1.6844750333523453,1.6598770694035954
1.724,1.9296982601106227,1.9457381768610886
1.672,1.8452885908966568,1.4826466265283702
1.146,1.308162276535608,0.8383627836980612
4.583,2.523562980528919,2.8499251054514945
1.286,1.3680208843731383,0.7872303406900736
3.375,1.967263847333764,2.815010848834636
1.958,1.908472676947383,1.782438094134395
2.38,2.498437145140326,2.7068445673441914
0.584,1.0511561825281046,0.2701899326594428
1.56,2.2007863174159814,2.145327795868911
1.354,1.664727440506082,2.652561268682054
2.082,1.9885304857835862,2.330682943797551
0.702,2.002530338508276,0.9907068054527995
2.906,1.953305049895657,2.704896296231594
1.613,2.5142844857612356,1.8281685425189773
2.356,2.7046167943584862,2.505773556671631
1.597,1.4461901500265386,1.4976533955715001
2.118,1.9484194707923193,2.010785980291618
4.148,1.979908875601226,2.07740374693469
1.662,1.9533871604688222,1.8662810314365097
3.689,3.2324646139518514,3.371013745604972
2.258,2.739472732667171,2.495950673675709
0.58,1.1004225264273066,0.31311886828518065
0.673,1.4628175410925193,1.2880552398022314
0.793,0.8225192915492252,-0.006742353819402247
3.556,2.0864883995698325,3.0851085555755295
0.855,1.453539046324836,1.0831898946558882
1.635,1.4934858401697726,1.025721263181422
0.873,1.3794342540431201,0.6382240658565921
2.61,2.203372800470689,2.125448249253622
0.892,1.4547707049223164,1.1173485814999142
2.881,2.951071679714244,2.772918515096556
1.698,1.9334342911896456,2.335776256083853
0.881,1.3808711890735132,0.9105470414824759
3.913,2.225049991786338,2.8625295916705005
2.258,1.8954581511006774,2.1119805381245564
2.147,2.645579292252609,2.4375997211099167
1.17,1.8504205017194901,1.6149525745150684
1.362,2.191220435642219,2.278820289143438
3.121,2.9588311288783675,3.007642593022373
2.957,2.1144881050192126,2.423204374219676
0.976,1.7015950878573178,1.7003821934712506
2.409,2.7773257068963915,1.9244832740972588
3.107,3.199743550545465,3.1207122183499614
3.086,1.9258390631718518,2.7546273583587473
2.848,1.8795697551931847,1.965820622824135
1.135,1.886343877479325,1.441286117919303
1.234,1.5834379730723986,1.4411483449274285
2.777,2.4177224517188,2.7129883919812707
3.298,2.4860384485923603,2.948855157911739
2.379,2.355236305539979,2.58096675052218
1.853,1.9315868032934254,2.5918083304063946
2.153,1.9305604211288587,2.1759218002258103
0.59,1.2135298409625577,0.948884191062866
4.125,1.5258784612834977,2.1642983900106696
1.023,1.2255590399312795,1.3481086128723767
0.919,1.2910422220306352,1.2287954953184317
1.504,1.98151003177795,1.531732008483183
3.302,2.605714608980838,2.7644341528155563
1.426,1.6012970227358592,0.8035673928234062
2.456,2.255102461564851,2.5754987982457944
3.428,2.0539726125963593,2.5259303733540666
2.021,1.7978286796070921,1.6276030032284796
1.826,2.00950973722733,2.7193584037533034
1.592,1.4414687920695317,1.0402749812752887
1.708,2.294802923690291,2.1393121531235693
1.701,1.7465095713787568,1.9373811554203035
3.409,2.214786170140671,2.7421480655820933
1.519,2.479510658025716,1.727931603209455
0.794,1.9667301286081893,2.042106131591088
1.746,2.2319062246456434,2.283079747285136
0.712,1.5681654064636459,0.7515244225125692
2.239,3.1602483648529383,2.2761230010981004
1.818,1.4658966875862194,1.8348521791817078
1.563,2.322104689267766,2.592031020356984
1.866,2.7111445849251297,1.8188611170523543
1.669,1.762069524993588,1.8947043548795188
3.116,3.109298754203847,2.6680969358158437
3.209,3.229344412171568,3.225001554775166
2.326,2.279119804215712,2.3385505952807515
1.389,1.5185706202717828,0.819891178791188
1.663,2.429546374254609,2.341863077477817
1.57,1.3089833822672614,1.2246875825985062
1.533,1.3028661445664436,0.5264804559486453
2.063,2.2720172396369107,2.0569635200452723
3.646,2.5541902243195893,2.5977761138586724
2.742,2.478607441720897,1.9605051497557748
1.191,1.4404834651915477,1.7408743185411206
1.825,1.8316171804646282,2.0552189600916475
3.591,3.139104892262864,2.99826341980066
3.42,2.930667202282657,3.135161168460788
2.799,2.554272334892755,2.9033441646467377
2.542,1.626340747551287,2.216377797894554
1.431,2.1634670619123355,2.2676099057427592
1.827,2.11875785482381,1.9175021137837325
0.645,1.3356693185459956,0.1779118847975505
0.681,1.1028858436222668,0.6610109497886354
1.784,1.6485516575925105,2.2633153128207657
2.556,2.4725723145932452,2.716432311520971
0.691,0.8505600522851875,0.8512066739962911
1.551,2.6019375226152324,2.175972366558788
0.525,0.9933913943062904,0.5288636047276922
1.786,2.0415739160483937,2.0729665320519395
1.417,1.2239168284679727,1.049537352237996
3.467,3.1224364459103007,3.3008729234488916
0.902,1.3821439029575764,1.4226960829235307
1.25,1.0931146854155918,1.6062207066029015
1.145,2.0779488999606377,1.5055575157893553
1.731,1.3669123916354065,1.2528368719675953
0.636,1.481661917633964,0.538479771429174
2.225,1.9787182722903285,2.3429992968037716
2.804,3.4297352659815723,2.9675061232782975
3.594,3.221461797147697,3.2528171562918198
1.406,0.9981127522632972,0.7487294840552754
1.286,1.922842027251317,2.34012335892431
3.118,2.923400416557525,2.921216925413953
2.47,2.9090721215401736,2.2842017990755465
3.216,1.7712248539015232,2.673827206257676
2.906,1.9023964945331482,2.385043670558691
1.982,2.381593799526052,2.1566093183941666
3.719,2.68006573298205,3.385920758700249
2.827,3.0007075211926892,2.6819680094394913
1.257,1.9866829978873661,1.6997982926307444
2.192,2.5036922218229076,2.7042657098399494
1.25,1.5256321295640018,1.0560258487869167
2.38,1.8783791518822874,2.2179756691374988
2.509,2.3533477623571764,2.2788149654033107
2.584,1.9704251044006296,2.155113628224354
1.714,2.06936834506486,1.812370515847032
1.43,3.0313347649833595,2.535521373398727
1.892,2.0939194064412954,1.8766245799464862
1.654,1.6666159836888845,1.496330900163184
1.481,1.399099736316218,1.548620539468597
3.492,2.9489368048119444,3.233551639296447
1.612,1.7902334515892986,1.2826929797980546
1.339,1.8772706591445554,1.8757795372682018
1.0,1.4626533199461886,1.5017881795716688
1.286,1.5383182131180462,0.762481327796269
2.197,3.0707478401027215,2.5867203783212296
2.78,2.7744518368356044,2.545938155965398
0.704,1.472506588726029,0.8464010346470376
2.455,2.1121479536840004,2.396539897328349
2.442,1.3068485073649625,1.917670331033103
3.109,2.5209354421876284,2.9823387925116243
0.73,1.4714391512748797,1.436278624202159
1.667,2.4644023125632937,2.4054121897515293
4.148,3.0904133223758192,3.1220926686660193
0.923,0.8019505929713084,0.8496168406132303
2.0,1.2231778333094847,2.2451969274759174
3.148,3.3989027457579883,2.961145453156204
4.513,2.7192735316684984,3.048075806601461
2.892,3.060073465591228,2.712640727249491
3.671,1.237136630747592,1.8116082564826077
3.549,3.642976424491952,3.2164146944080914
1.281,1.3537746999289524,1.4125282817716323
1.131,2.377898823733612,1.6904384992078678
1.667,1.6467862802694557,1.7275745978368113
1.849,1.8056702393443818,1.7241918552580382
3.018,3.409289733263404,2.9831038454020358
2.356,1.646006229824385,1.7887741058287652
1.076,0.8171821042934784,0.6332419057932537
1.292,1.7482338934152288,2.3333940802114688
1.375,1.5681654064636459,1.398893938160311
0.662,1.3107898148768986,0.7190770862891744
3.24,2.1955312407333993,2.6763508992376996
0.743,1.39466576536529,1.9466759914813125
0.84,1.4379380374234225,0.9653118866897723
0.453,0.9764355609476485,0.4482245971390546
1.875,1.9787182722903285,2.26442645723003
1.364,1.2097938098835348,0.984740383490877
3.247,3.023287928813157,3.271660959218411
1.464,1.3209715259494006,1.1124601980527142
0.925,1.5934554629985698,1.4159707164379665
1.875,1.9581906289989943,1.7516816678865534
0.638,1.63746673021519,0.9583614011615335
1.064,1.338707409753113,1.41595891766862
2.795,2.723420115613348,2.5061715993064704
1.649,1.9197218254710342,0.9851349591430263
2.118,1.6791378460965982,2.0199604095611217
2.114,1.63746673021519,1.6363968223591496
1.011,1.283529104586007,1.3059224812796097
3.315,3.030431548678541,3.3087671531750646
2.208,1.5318314778379847,2.4629806428459333
1.453,1.2970773491582874,1.1865513822344578
0.591,1.1051438843843133,0.48196075111556724
1.971,2.688030458579088,2.6923911699229253
1.766,2.0009702376181346,2.5688390027787475
3.373,2.659004370965141,3.2193265342491597
2.03,2.464977086575451,2.0776584830902594
1.66,2.932719966611791,2.3023039807131362
1.504,1.9048598117281084,2.0014792120712914
1.656,2.182721991319607,1.7507363104796783
3.556,2.732041725795708,2.8109441467563756
0.555,1.2036765721827174,0.9043602004798421
1.063,1.9766244526746126,1.2793662429805224
2.809,2.643690749069806,3.1669443956894434
2.535,2.291764832483174,2.5476146028377933
4.664,3.2619833650047902,3.2907083283546767
1.563,1.0234438640848036,0.07233099787614128
1.809,1.6897711653215093,2.0719352418377968
2.539,2.2591669349365353,2.4739272216142885
1.313,2.339142633199573,1.4311356882338284
0.944,1.2653826679164677,0.7297518182742515
1.05,1.091185086946206,0.8196428987469209
3.339,2.503363779530246,2.9032062064989708
1.313,2.0515092954013996,2.098463227253046
2.258,2.60374395522487,2.4597741980025463
1.328,1.3628889735503047,0.636501157250386
1.093,2.0033514442399296,1.5097803356837443
0.785,0.8825831758196689,0.6064278167706747
0.696,1.3778741531529786,0.5697525363822791
3.209,2.153367461412999,2.6093455534492556
1.712,2.280762015679019,1.303576998068903
2.352,1.9104022754167684,2.1487976699674625
2.306,1.892502170466725,1.8816087940665676
